"","stock_id","common","bbmsy_q2.5","bbmsy_q25","bbmsy_q50","bbmsy_q75","bbmsy_q97.5","bbmsy_sd","bbmsy_mean","year","model"
"1","Coregonus_muksun-18","Muksun",2,2,2,2,2,0,2,1950,"COM-SIR"
"2","Coregonus_muksun-18","Muksun",1.84441765034986,1.94274090569649,1.9601556284841,1.9712290690747,1.97976896305957,0.0330688027397106,1.94875272564946,1951,"COM-SIR"
"3","Coregonus_muksun-18","Muksun",1.71774667470019,1.89605032468254,1.92784257253231,1.94673919295532,1.96093659966976,0.0582476822478928,1.90729095911243,1952,"COM-SIR"
"4","Coregonus_muksun-18","Muksun",1.61109391246581,1.85888776746274,1.90026997631418,1.92754460731619,1.94429713281225,0.0798886598863227,1.87265740053447,1953,"COM-SIR"
"5","Coregonus_muksun-18","Muksun",1.51890681309322,1.82143750338165,1.87342295879719,1.91200073714821,1.9300752140527,0.0996256421005335,1.84315034569629,1954,"COM-SIR"
"6","Coregonus_muksun-18","Muksun",1.43754001813089,1.78793805634288,1.85464290260561,1.90068413569664,1.92151071571025,0.118148832107897,1.8176723807875,1955,"COM-SIR"
"7","Coregonus_muksun-18","Muksun",1.36450762849315,1.75799388751525,1.8376313658915,1.89123257166458,1.9170706665036,0.135761076635237,1.79546560660155,1956,"COM-SIR"
"8","Coregonus_muksun-18","Muksun",1.29806382745288,1.73445541732993,1.82326234112874,1.88053213569053,1.91505307705312,0.152596537382331,1.77598112019754,1957,"COM-SIR"
"9","Coregonus_muksun-18","Muksun",1.23695377234582,1.71664624038618,1.81105228641715,1.87143029922684,1.91435728530654,0.168714909541856,1.75880673484997,1958,"COM-SIR"
"10","Coregonus_muksun-18","Muksun",1.18025854394499,1.69053417049334,1.80361221714919,1.86584914032272,1.91654986099137,0.184143751683097,1.74362365330654,1959,"COM-SIR"
"11","Coregonus_muksun-18","Muksun",1.12729481598568,1.67511350647284,1.79458133720177,1.86187015896909,1.91768428386049,0.198897789209256,1.73017899620184,1960,"COM-SIR"
"12","Coregonus_muksun-18","Muksun",1.07754777352472,1.66134652151253,1.78658638448721,1.862276367998,1.91946116723472,0.21298765813727,1.71826765906033,1961,"COM-SIR"
"13","Coregonus_muksun-18","Muksun",1.03062500023773,1.65279789246784,1.78098993176264,1.8621272940625,1.92154295454895,0.22642373099114,1.7077199612168,1962,"COM-SIR"
"14","Coregonus_muksun-18","Muksun",0.986224026423401,1.6450300445505,1.77017937506294,1.86659206990919,1.923550381882,0.239217647380304,1.69839303840428,1963,"COM-SIR"
"15","Coregonus_muksun-18","Muksun",0.944109035627695,1.63893260697434,1.7671240357515,1.86560854510273,1.9254704319772,0.251382785823985,1.69016472904188,1964,"COM-SIR"
"16","Coregonus_muksun-18","Muksun",0.904093870746024,1.63737588799876,1.76709228580885,1.86776574217821,1.92776194950873,0.262934262618191,1.68292915988044,1965,"COM-SIR"
"17","Coregonus_muksun-18","Muksun",0.866029473518463,1.6419745337919,1.76343935996307,1.86760469791383,1.929707545227,0.273888734110501,1.67659351035343,1966,"COM-SIR"
"18","Coregonus_muksun-18","Muksun",0.829794508650419,1.6430635206191,1.76549782879475,1.87060554475931,1.931380338903,0.284264130899171,1.6710756062519,1967,"COM-SIR"
"19","Coregonus_muksun-18","Muksun",0.795288317264905,1.6374095451568,1.77178723362407,1.87370355074583,1.93309716953647,0.294079381991741,1.66630210401158,1968,"COM-SIR"
"20","Coregonus_muksun-18","Muksun",0.762425600958762,1.62958583650616,1.77453003883135,1.87555842348331,1.9347689819052,0.303354153695873,1.66220710019741,1969,"COM-SIR"
"21","Coregonus_muksun-18","Muksun",0.731132408599201,1.6226562750719,1.77666980397753,1.87766307498598,1.93634172724738,0.312108612625792,1.65873105024822,1970,"COM-SIR"
"22","Coregonus_muksun-18","Muksun",0.702547642932822,1.61657288376129,1.78117248382442,1.87996068717266,1.93781700259397,0.320363215323153,1.65581991443912,1971,"COM-SIR"
"23","Coregonus_muksun-18","Muksun",0.683393546381737,1.61128954447766,1.77955906526433,1.88240165183705,1.93920850466498,0.328138524078023,1.65342447251443,1972,"COM-SIR"
"24","Coregonus_muksun-18","Muksun",0.665553855807235,1.60676193529658,1.77791948523851,1.88494300281338,1.94052263404012,0.335455047418179,1.65149976488871,1973,"COM-SIR"
"25","Coregonus_muksun-18","Muksun",0.648942910822542,1.60294747169907,1.77673490512167,1.88754784032584,1.9417653862683,0.342333103387135,1.65000462991889,1974,"COM-SIR"
"26","Coregonus_muksun-18","Muksun",0.633483318694826,1.59980525099237,1.77597372653865,1.89018476058396,1.94294229780464,0.348792703685661,1.64890131500062,1975,"COM-SIR"
"27","Coregonus_muksun-18","Muksun",0.619104792741177,1.59729599929895,1.7756053722535,1.89282730102607,1.94419109647562,0.354853456807178,1.64815514514491,1976,"COM-SIR"
"28","Coregonus_muksun-18","Muksun",0.605595228622894,1.59538202067974,1.77788883740261,1.89545340914953,1.94539520431432,0.360534488377275,1.64773423693941,1977,"COM-SIR"
"29","Coregonus_muksun-18","Muksun",0.592034296390966,1.594027148093,1.77796560241707,1.89792872520486,1.94654356105577,0.365854376988542,1.64760924887324,1978,"COM-SIR"
"30","Coregonus_muksun-18","Muksun",0.570955994444164,1.59319669598537,1.77833780645163,1.89986995476279,1.94763788547176,0.370831103901707,1.64775316123945,1979,"COM-SIR"
"31","Coregonus_muksun-18","Muksun",0.550808783956996,1.59285741437853,1.77898179630686,1.90170134750816,1.94868035722188,0.37548201506637,1.64814108046208,1980,"COM-SIR"
"32","Coregonus_muksun-18","Muksun",0.531551230054548,1.59297744435827,1.78306890417468,1.90323479654992,1.94967457468505,0.379823794002811,1.64875006389251,1981,"COM-SIR"
"33","Coregonus_muksun-18","Muksun",0.513144053236434,1.59352627490085,1.78722846893976,1.90469635242322,1.95062384662037,0.383872444181885,1.64955896200243,1982,"COM-SIR"
"34","Coregonus_muksun-18","Muksun",0.495549931131687,1.59602059131196,1.78944073264594,1.90609096213203,1.95153120900264,0.387643279642101,1.65054827555378,1983,"COM-SIR"
"35","Coregonus_muksun-18","Muksun",0.478860145012175,1.60043287662782,1.79181891035079,1.90742315673747,1.95239944442772,0.391150922689529,1.65170002581217,1984,"COM-SIR"
"36","Coregonus_muksun-18","Muksun",0.463112148477077,1.60505455130563,1.79434165666978,1.90877729671418,1.953231102386,0.39440930763433,1.65299763623405,1985,"COM-SIR"
"37","Coregonus_muksun-18","Muksun",0.448071201564723,1.60985548309792,1.7969890626965,1.91040848626501,1.95402851932509,0.397431689624486,1.65442582433289,1986,"COM-SIR"
"38","Coregonus_muksun-18","Muksun",0.433497547813654,1.61480768679509,1.79974260749253,1.91220287132966,1.95479383784969,0.400230657740138,1.65597050263851,1987,"COM-SIR"
"39","Coregonus_muksun-18","Muksun",0.419488191927052,1.61988521752394,1.80258510611706,1.91405755097521,1.95552902469477,0.402818151608701,1.65761868782581,1988,"COM-SIR"
"40","Coregonus_muksun-18","Muksun",0.406097107603488,1.62506406963576,1.80550065511404,1.91582459025063,1.95623588729887,0.405205480890185,1.6593584172151,1989,"COM-SIR"
"41","Coregonus_muksun-18","Muksun",0.393297534839997,1.63032208033217,1.80847457625745,1.91750687808954,1.95691608892779,0.407403347063019,1.66117867194715,1990,"COM-SIR"
"42","Coregonus_muksun-18","Muksun",0.381063859477543,1.63563883734173,1.81149335924793,1.91910756617191,1.95757116237533,0.409421867012871,1.66306930621785,1991,"COM-SIR"
"43","Coregonus_muksun-18","Muksun",0.36937156021986,1.64099559010206,1.81454460395662,1.92062998238222,1.95820252231362,0.411270597990512,1.66502098202489,1992,"COM-SIR"
"44","Coregonus_muksun-18","Muksun",0.358197160840473,1.64637516402325,1.81761696272435,1.92207755927454,1.95881147638923,0.412958563560217,1.66702510893621,1993,"COM-SIR"
"45","Coregonus_muksun-18","Muksun",0.34751818657932,1.65176187751122,1.82070008314605,1.92345377551387,1.95939923517257,0.41449428020801,1.66907378843907,1994,"COM-SIR"
"46","Coregonus_muksun-18","Muksun",0.337313123927445,1.65714146151592,1.82378455170017,1.9247621084741,1.95996692106932,0.415885784320253,1.67115976247204,1995,"COM-SIR"
"47","Coregonus_muksun-18","Muksun",0.327561383160203,1.6625009814404,1.82686183852152,1.92600599637387,1.96051557629962,0.417140659278239,1.67327636578047,1996,"COM-SIR"
"48","Coregonus_muksun-18","Muksun",0.318243263112119,1.66782876130535,1.82992424356099,1.92718880851939,1.9610461700442,0.418266062444674,1.6754174817708,1997,"COM-SIR"
"49","Coregonus_muksun-18","Muksun",0.309339917794877,1.67311431010954,1.83296484432808,1.92831382239678,1.96155960484842,0.419268751843881,1.67757750157048,1998,"COM-SIR"
"50","Coregonus_muksun-18","Muksun",0.300833324547897,1.67834825036291,1.83597744536993,1.92938420651506,1.96205672236715,0.420155112360069,1.67975128602906,1999,"COM-SIR"
"51","Coregonus_muksun-18","Muksun",0.292706253482059,1.6835222487956,1.83895652960446,1.93040300804493,1.9625383085243,0.420931181297807,1.68193413042248,2000,"COM-SIR"
"52","Coregonus_muksun-18","Muksun",0.284942238034273,1.68862894926554,1.84189721159305,1.93137314442753,1.96300509815327,0.421602673166407,1.68412173164664,2001,"COM-SIR"
"53","Coregonus_muksun-18","Muksun",0.277525546496034,1.6936619078989,1.84479519281109,1.93229739824278,1.96345777917673,0.422175003565945,1.68631015770886,2002,"COM-SIR"
"54","Coregonus_muksun-18","Muksun",0.270830876414607,1.69797818189175,1.84764671895101,1.93298739664867,1.96389699637748,0.422653312067374,1.68849581934576,2003,"COM-SIR"
"55","Coregonus_muksun-18","Muksun",0.26728503437038,1.70203669819655,1.85044853927214,1.93355355805065,1.96432335480598,0.423042483993064,1.6906754436148,2004,"COM-SIR"
"56","Coregonus_muksun-18","Muksun",0.264073072631198,1.70607696731966,1.8531978679946,1.93412029064476,1.9647374228646,0.423347171017404,1.69284604932352,2005,"COM-SIR"
"57","Coregonus_muksun-18","Muksun",0.261181594454858,1.71009165530061,1.85589234771982,1.93466126524231,1.96513973510399,0.423571810519919,1.69500492417512,2006,"COM-SIR"
"58","Coregonus_muksun-18","Muksun",0.258598077378483,1.71407406139277,1.85853001484805,1.93513116380349,1.96553079476259,0.423720643635971,1.69714960352305,2007,"COM-SIR"
"59","Coregonus_muksun-18","Muksun",0.2563108229053,1.71801808640954,1.86110926695313,1.93562013692257,1.96591107607664,0.423797731962534,1.69927785063815,2008,"COM-SIR"
"60","Coregonus_muksun-18","Muksun",0.254308906762491,1.72191820169852,1.8636288320663,1.93609974604317,1.96628102638479,0.423806972888841,1.70138763840311,2009,"COM-SIR"
"61","Coregonus_muksun-18","Muksun",0.25258212987342,1.72576941880126,1.8658630028974,1.93669800105953,1.96664106804859,0.423752113533983,1.70347713235672,2010,"COM-SIR"
"62","Coregonus_nasus-18","Broad whitefish",2,2,2,2,2,0,2,1950,"COM-SIR"
"63","Coregonus_nasus-18","Broad whitefish",1.80704959950509,1.91368867046647,1.94368719839731,1.96037105024078,1.97776357688956,0.0445834137322127,1.93092470140584,1951,"COM-SIR"
"64","Coregonus_nasus-18","Broad whitefish",1.68387863425778,1.85108801356837,1.90351779943713,1.92989848893296,1.96042061753275,0.0727647693684859,1.88099373721459,1952,"COM-SIR"
"65","Coregonus_nasus-18","Broad whitefish",1.57406559114716,1.80133362597472,1.86945663195085,1.90515140080359,1.94695796728674,0.0937685771508533,1.84311765006052,1953,"COM-SIR"
"66","Coregonus_nasus-18","Broad whitefish",1.50029877493552,1.76466320868184,1.84596831210764,1.88732194392744,1.93879872918876,0.111036132072609,1.81357205455853,1954,"COM-SIR"
"67","Coregonus_nasus-18","Broad whitefish",1.43495200558934,1.73828708456378,1.82658033394586,1.87528886240677,1.93506295395901,0.126094909863563,1.79010854676447,1955,"COM-SIR"
"68","Coregonus_nasus-18","Broad whitefish",1.36910035519171,1.71149325388923,1.809819662513,1.86929989147141,1.93286103242068,0.139679839041182,1.77125357870469,1956,"COM-SIR"
"69","Coregonus_nasus-18","Broad whitefish",1.31092722306853,1.69589259879751,1.79828898418027,1.86288068310604,1.93145976282836,0.152163080089457,1.75598561244883,1957,"COM-SIR"
"70","Coregonus_nasus-18","Broad whitefish",1.25894048672344,1.68167139980684,1.78969213670243,1.85976637782602,1.93103110407334,0.163741808734025,1.743566568669,1958,"COM-SIR"
"71","Coregonus_nasus-18","Broad whitefish",1.21204275707667,1.66703928076445,1.78313032964522,1.85485910578359,1.9312644661255,0.174526406303494,1.73344595260174,1959,"COM-SIR"
"72","Coregonus_nasus-18","Broad whitefish",1.17865606317406,1.65382159900226,1.7773410391122,1.8539099724723,1.93179985799779,0.184583718909227,1.72520273743764,1960,"COM-SIR"
"73","Coregonus_nasus-18","Broad whitefish",1.14764409633187,1.64490028727693,1.77313387073394,1.85148862372574,1.93251725023576,0.193958857728263,1.71850833114525,1961,"COM-SIR"
"74","Coregonus_nasus-18","Broad whitefish",1.12684902647025,1.63951036372223,1.77049031738647,1.85237046477764,1.93333659172331,0.202686342247467,1.71310199647882,1962,"COM-SIR"
"75","Coregonus_nasus-18","Broad whitefish",1.10309119910291,1.6325955028525,1.77191187385032,1.85290451178142,1.93421055314787,0.210795796247752,1.70877397141414,1963,"COM-SIR"
"76","Coregonus_nasus-18","Broad whitefish",1.07769960373406,1.62639059190724,1.77089969871318,1.85399188637794,1.93510408422917,0.218314801677607,1.70535353880567,1964,"COM-SIR"
"77","Coregonus_nasus-18","Broad whitefish",1.04567851739981,1.6229438196162,1.77035856846741,1.85565605045051,1.93601003604205,0.225270253361409,1.70270038446299,1965,"COM-SIR"
"78","Coregonus_nasus-18","Broad whitefish",1.01504315897319,1.61989142175289,1.77286322355689,1.85812405084624,1.93688939729556,0.231688924393804,1.70069820376433,1966,"COM-SIR"
"79","Coregonus_nasus-18","Broad whitefish",0.986019152504507,1.6191773729348,1.77548777744223,1.86058872075193,1.93774248913109,0.237597623961356,1.69924988435506,1967,"COM-SIR"
"80","Coregonus_nasus-18","Broad whitefish",0.960097468592819,1.61974638273789,1.77649836214162,1.8630164900323,1.93856899602235,0.243023154206431,1.69827381762339,1968,"COM-SIR"
"81","Coregonus_nasus-18","Broad whitefish",0.939538803369225,1.61931959103056,1.77877686126351,1.8653847989343,1.93957907039074,0.247992177268509,1.69770103408633,1969,"COM-SIR"
"82","Coregonus_nasus-18","Broad whitefish",0.912617939345898,1.61827184770638,1.78132365111131,1.8675931763222,1.94059173986542,0.25253105117211,1.69747295054538,1970,"COM-SIR"
"83","Coregonus_nasus-18","Broad whitefish",0.887154889999769,1.61997025037121,1.78392473116987,1.86989099501072,1.94156936756572,0.256665664640972,1.69753957871417,1971,"COM-SIR"
"84","Coregonus_nasus-18","Broad whitefish",0.863262660803348,1.62096813300625,1.78654880727082,1.87201588472806,1.94251343629724,0.260421285693049,1.69785808707698,1972,"COM-SIR"
"85","Coregonus_nasus-18","Broad whitefish",0.84087396655449,1.62270025399712,1.78917164294071,1.87377535152576,1.94342155619628,0.263822430990612,1.6983916367783,1973,"COM-SIR"
"86","Coregonus_nasus-18","Broad whitefish",0.825519031217587,1.62515055197073,1.79177467301989,1.87552716232012,1.94429518508348,0.266892758880293,1.69910843265489,1974,"COM-SIR"
"87","Coregonus_nasus-18","Broad whitefish",0.822582858393613,1.62924030010449,1.79434387654785,1.87709413103339,1.94513588800071,0.269654986867815,1.69998094490615,1975,"COM-SIR"
"88","Coregonus_nasus-18","Broad whitefish",0.821865538278198,1.63010356618554,1.79714232774105,1.87859585081735,1.94594525832381,0.272130832888821,1.70098526723629,1976,"COM-SIR"
"89","Coregonus_nasus-18","Broad whitefish",0.825556099811903,1.63130732427084,1.80059248294175,1.88005882064895,1.94672486850235,0.274340978707511,1.70210058486885,1977,"COM-SIR"
"90","Coregonus_nasus-18","Broad whitefish",0.813848033761088,1.6361875020645,1.80292251081094,1.88177029423875,1.94747624045303,0.276305052980934,1.70330873149441,1978,"COM-SIR"
"91","Coregonus_nasus-18","Broad whitefish",0.802542335048657,1.64124197367205,1.80455696010135,1.88336083941574,1.94820082887227,0.278041630998756,1.70459381854132,1979,"COM-SIR"
"92","Coregonus_nasus-18","Broad whitefish",0.792337303532536,1.6462561138668,1.80640786042718,1.88507666199149,1.94890001293911,0.27956824789546,1.70594192353331,1980,"COM-SIR"
"93","Coregonus_nasus-18","Broad whitefish",0.78318261964863,1.65147532233706,1.80863802370691,1.88674222884107,1.94944791412198,0.280901422233063,1.70734082696013,1981,"COM-SIR"
"94","Coregonus_nasus-18","Broad whitefish",0.775029794145325,1.65546893330067,1.81069556336873,1.88794458000918,1.94996320019731,0.282056687200068,1.70877978919737,1982,"COM-SIR"
"95","Coregonus_nasus-18","Broad whitefish",0.765402064964766,1.65926313815178,1.81283170238007,1.88915418181327,1.95046130419997,0.283048627156334,1.71024936068101,1983,"COM-SIR"
"96","Coregonus_nasus-18","Broad whitefish",0.755341133345326,1.66281464169641,1.81489042597276,1.89027225250253,1.9509393352633,0.283890917758397,1.71174121985658,1984,"COM-SIR"
"97","Coregonus_nasus-18","Broad whitefish",0.745753052765161,1.66626269895976,1.81693154232897,1.8913983166921,1.95140273343471,0.284596368338576,1.7132480344533,1985,"COM-SIR"
"98","Coregonus_nasus-18","Broad whitefish",0.736618397940483,1.66947729045536,1.8185798708004,1.89245817673509,1.95185214003322,0.28517696553966,1.71476334244083,1986,"COM-SIR"
"99","Coregonus_nasus-18","Broad whitefish",0.727919024240914,1.67251006639426,1.82046488429242,1.89325604459297,1.95228816240864,0.285643917422351,1.71628144966026,1987,"COM-SIR"
"100","Coregonus_nasus-18","Broad whitefish",0.719637923375286,1.67342174065437,1.8220141822743,1.894205347205,1.95271137515562,0.286007697389117,1.71779734162303,1988,"COM-SIR"
"101","Coregonus_nasus-18","Broad whitefish",0.711759099325333,1.67444414206476,1.82391193360497,1.89513338072447,1.95312261612981,0.286278087341599,1.71930660737229,1989,"COM-SIR"
"102","Coregonus_nasus-18","Broad whitefish",0.709913799510667,1.67708016459271,1.82564706786598,1.89641951083276,1.95352289747758,0.286464219542953,1.72080537362366,1990,"COM-SIR"
"103","Coregonus_nasus-18","Broad whitefish",0.710113570959993,1.68040119287447,1.82642104507948,1.89712245844551,1.95391178749433,0.286574616715788,1.72229024766484,1991,"COM-SIR"
"104","Coregonus_nasus-18","Broad whitefish",0.710541902746379,1.68363942055788,1.82778338422477,1.89779487627875,1.95439290420734,0.28661722998297,1.72375826770885,1992,"COM-SIR"
"105","Coregonus_nasus-18","Broad whitefish",0.711053499834742,1.68621073264469,1.82879010833096,1.8984452816936,1.95486448082552,0.286599474354101,1.72520685957512,1993,"COM-SIR"
"106","Coregonus_nasus-18","Broad whitefish",0.711954807442004,1.687377588509,1.83043641407733,1.89907463425787,1.9553222999953,0.286528261569093,1.72663379872511,1994,"COM-SIR"
"107","Coregonus_nasus-18","Broad whitefish",0.712910016895284,1.69018309781219,1.83252710384393,1.89959203764119,1.95576695193985,0.286410030222688,1.72803717681229,1995,"COM-SIR"
"108","Coregonus_nasus-18","Broad whitefish",0.710130672242544,1.691925248109,1.83453202711607,1.90002197736112,1.95619899306312,0.286250773199981,1.72941537202472,1996,"COM-SIR"
"109","Coregonus_nasus-18","Broad whitefish",0.701559524919769,1.69456566109204,1.83598978795681,1.90083252041689,1.95661894837242,0.286056062545005,1.7307670226063,1997,"COM-SIR"
"110","Coregonus_nasus-18","Broad whitefish",0.695156750455991,1.69611556771963,1.83737065693957,1.9013988666937,1.95702731369319,0.285831071956904,1.73209100304169,1998,"COM-SIR"
"111","Coregonus_nasus-18","Broad whitefish",0.697164905514201,1.69757427419718,1.83819065956674,1.90193555829398,1.95742455769665,0.285580597158765,1.73338640247987,1999,"COM-SIR"
"112","Coregonus_nasus-18","Broad whitefish",0.698318414572677,1.69936388760634,1.83920249226502,1.9024559282724,1.95781112375868,0.285309074413012,1.73465250505269,2000,"COM-SIR"
"113","Coregonus_nasus-18","Broad whitefish",0.701243127426818,1.70143711201669,1.84015961003867,1.90296062379474,1.95818743166628,0.285020597466451,1.73588877181579,2001,"COM-SIR"
"114","Coregonus_nasus-18","Broad whitefish",0.703272581775942,1.7034269416319,1.84093718882129,1.90345025860945,1.95855387918606,0.284718933200909,1.73709482410035,2002,"COM-SIR"
"115","Coregonus_nasus-18","Broad whitefish",0.705271806623866,1.70533583891879,1.84139994619478,1.90392541520439,1.95891084350786,0.284407536245862,1.73827042811362,2003,"COM-SIR"
"116","Coregonus_nasus-18","Broad whitefish",0.707225399450146,1.70716637917518,1.8419827395136,1.9043866467967,1.95925868257491,0.284089562781628,1.73941548066591,2004,"COM-SIR"
"117","Coregonus_nasus-18","Broad whitefish",0.709119873404143,1.70892121378561,1.84254695263092,1.90483447917089,1.95959773631111,0.283767883729454,1.7405299959306,2005,"COM-SIR"
"118","Coregonus_nasus-18","Broad whitefish",0.705538457157573,1.71060303884421,1.84382551629346,1.90526941237851,1.95992832775438,0.283445097491484,1.7416140931646,2006,"COM-SIR"
"119","Coregonus_nasus-18","Broad whitefish",0.698691448187348,1.71221456855309,1.84457446414978,1.90569192231163,1.96025076410486,0.283123542371649,1.74266798532984,2007,"COM-SIR"
"120","Coregonus_nasus-18","Broad whitefish",0.69440867740803,1.71375851285213,1.8450998594869,1.90645089638741,1.96056533769494,0.282805308779704,1.743691968564,2008,"COM-SIR"
"121","Coregonus_nasus-18","Broad whitefish",0.702017141425422,1.71523755878217,1.84560008332859,1.90723058647497,1.96087232688833,0.282492251295647,1.74468641245207,2009,"COM-SIR"
"122","Coregonus_nasus-18","Broad whitefish",0.704059386615445,1.7166543551283,1.84607657320608,1.90777023830933,1.96117199691387,0.282186000650773,1.74565175105118,2010,"COM-SIR"
"123","Coregonus_sardinella-18","Sardine cisco",2,2,2,2,2,0,2,1950,"COM-SIR"
"124","Coregonus_sardinella-18","Sardine cisco",1.57670964665977,1.84251905515176,1.9262732941017,1.95875823940696,1.97640553712144,0.129251152062191,1.87039923839519,1951,"COM-SIR"
"125","Coregonus_sardinella-18","Sardine cisco",1.41986512733013,1.80039506678011,1.89274910021952,1.93316508720067,1.95928521342174,0.175813380363967,1.81575652788605,1952,"COM-SIR"
"126","Coregonus_sardinella-18","Sardine cisco",1.32604792148047,1.78287025994654,1.88114470952804,1.91795958973709,1.94635456820081,0.206048532734606,1.7833454272622,1953,"COM-SIR"
"127","Coregonus_sardinella-18","Sardine cisco",1.25827986201115,1.76708581389214,1.86895020530057,1.90845529406009,1.93937521917697,0.229978498225701,1.7615471519918,1954,"COM-SIR"
"128","Coregonus_sardinella-18","Sardine cisco",1.20327924244948,1.75859242374148,1.86559612062151,1.90569344473089,1.93309743097306,0.250895714710609,1.74564013426931,1955,"COM-SIR"
"129","Coregonus_sardinella-18","Sardine cisco",1.15514332131281,1.75009615916164,1.86618902193668,1.89954669318541,1.93339528474392,0.27017341365614,1.73329687978317,1956,"COM-SIR"
"130","Coregonus_sardinella-18","Sardine cisco",1.11096391326474,1.74355079318683,1.86580130837291,1.89841309897678,1.9343575838785,0.288457436841012,1.72323881352396,1957,"COM-SIR"
"131","Coregonus_sardinella-18","Sardine cisco",1.06923304603033,1.7471180980828,1.86497934848429,1.89868210897208,1.93563289941316,0.306069324197716,1.71471248024956,1958,"COM-SIR"
"132","Coregonus_sardinella-18","Sardine cisco",1.02915589154615,1.7515638036601,1.86538256467679,1.90053896649155,1.93703378567885,0.323170067316457,1.70725184394422,1959,"COM-SIR"
"133","Coregonus_sardinella-18","Sardine cisco",0.990320946254983,1.75590661638167,1.86724237022996,1.9020816183097,1.93846190710081,0.339835524192947,1.70055869565438,1960,"COM-SIR"
"134","Coregonus_sardinella-18","Sardine cisco",0.952529630391134,1.75431615838053,1.86985847120498,1.90391398256184,1.93986722084778,0.356094567206572,1.69443773722676,1961,"COM-SIR"
"135","Coregonus_sardinella-18","Sardine cisco",0.899272004759211,1.75418550326055,1.87326758452997,1.9059044847697,1.9412256746915,0.371949862309503,1.68875918135326,1962,"COM-SIR"
"136","Coregonus_sardinella-18","Sardine cisco",0.848147896254039,1.75808849434088,1.87615420834746,1.90796542872454,1.94252704106851,0.387389875107601,1.68343612743617,1963,"COM-SIR"
"137","Coregonus_sardinella-18","Sardine cisco",0.799699175175487,1.76372107333047,1.87851112010142,1.91003922449224,1.94376830847613,0.402396124771801,1.67841030653307,1964,"COM-SIR"
"138","Coregonus_sardinella-18","Sardine cisco",0.758372592213702,1.76910295768105,1.88153052781569,1.91208886266369,1.94495011501732,0.416947694168124,1.67364278985322,1965,"COM-SIR"
"139","Coregonus_sardinella-18","Sardine cisco",0.724242038287213,1.7742421155268,1.88438327077215,1.91409132349125,1.94607484163873,0.431024060435628,1.66910776420839,1966,"COM-SIR"
"140","Coregonus_sardinella-18","Sardine cisco",0.692319934604346,1.77915029862855,1.88708313569057,1.91603302379445,1.94714560658912,0.444606843945792,1.66478827371089,1967,"COM-SIR"
"141","Coregonus_sardinella-18","Sardine cisco",0.662506554428644,1.78384065222526,1.88911683065203,1.9179066809944,1.94816574628413,0.457680832751967,1.66067326408278,1968,"COM-SIR"
"142","Coregonus_sardinella-18","Sardine cisco",0.634709631244688,1.78832646939271,1.89103615518383,1.91970916220956,1.94913855661955,0.470234509536664,1.65675551467692,1969,"COM-SIR"
"143","Coregonus_sardinella-18","Sardine cisco",0.608841358648013,1.79262057426666,1.8929074859337,1.92144001679189,1.95006717222893,0.482260234016568,1.65303018965329,1970,"COM-SIR"
"144","Coregonus_sardinella-18","Sardine cisco",0.584816639039798,1.79673504514883,1.89481453951824,1.9231004816686,1.95095451764138,0.49375418885967,1.64949382870843,1971,"COM-SIR"
"145","Coregonus_sardinella-18","Sardine cisco",0.562552174472209,1.80068111713496,1.89694809545,1.92469281257665,1.9518032949807,0.504716167902507,1.646143653637,1972,"COM-SIR"
"146","Coregonus_sardinella-18","Sardine cisco",0.541966109637105,1.80446917629439,1.89899055635712,1.92621983895618,1.95261598944873,0.515149264993796,1.64297710330022,1973,"COM-SIR"
"147","Coregonus_sardinella-18","Sardine cisco",0.522978020300971,1.80810879781888,1.90094777088583,1.92768467157361,1.95339488277136,0.525059506660756,1.63999153394053,1974,"COM-SIR"
"148","Coregonus_sardinella-18","Sardine cisco",0.505509101037511,1.81156363451494,1.90282508774941,1.92909051383597,1.95414206956465,0.534455460208515,1.63718403865344,1975,"COM-SIR"
"149","Coregonus_sardinella-18","Sardine cisco",0.489482450577421,1.81415040539689,1.90462740889307,1.93044054302473,1.95485947411411,0.543347839860679,1.63455135183648,1976,"COM-SIR"
"150","Coregonus_sardinella-18","Sardine cisco",0.474823385864872,1.81664321916466,1.90635923593935,1.93173783829014,1.95554886639082,0.55174912656158,1.63208981318172,1977,"COM-SIR"
"151","Coregonus_sardinella-18","Sardine cisco",0.461459739978933,1.8190470990693,1.90802471088213,1.93298533959968,1.95621399828303,0.559673211699333,1.62979537226174,1978,"COM-SIR"
"152","Coregonus_sardinella-18","Sardine cisco",0.449322116582516,1.82136671149588,1.90962765184852,1.93418582690837,1.95687325294381,0.567135070969199,1.6276636196271,1979,"COM-SIR"
"153","Coregonus_sardinella-18","Sardine cisco",0.4383440860831,1.82360639750609,1.91117158461872,1.93534191230816,1.95750819883837,0.574150471621463,1.62568983401827,1980,"COM-SIR"
"154","Coregonus_sardinella-18","Sardine cisco",0.428462317433559,1.82577020105483,1.91265977048629,1.93645604030188,1.95812016087618,0.580735714203918,1.62386903809783,1981,"COM-SIR"
"155","Coregonus_sardinella-18","Sardine cisco",0.417523372296976,1.82786189428717,1.91409523095072,1.93753049297625,1.95871036838163,0.586907408425572,1.62219605724301,1982,"COM-SIR"
"156","Coregonus_sardinella-18","Sardine cisco",0.404643235802705,1.82988500026588,1.91548076965957,1.93856739795283,1.95927996363647,0.592682281776642,1.62066557756219,1983,"COM-SIR"
"157","Coregonus_sardinella-18","Sardine cisco",0.392697516795656,1.83184281343192,1.91681899195533,1.93952962273223,1.95983000951541,0.598077018911926,1.61927220052994,1984,"COM-SIR"
"158","Coregonus_sardinella-18","Sardine cisco",0.38164389623846,1.83373841806003,1.9181123223297,1.94050519045261,1.96036149632609,0.603108129439738,1.61801049256209,1985,"COM-SIR"
"159","Coregonus_sardinella-18","Sardine cisco",0.371440503458321,1.83557470493711,1.91918297165158,1.94143503434509,1.96087534794901,0.607791841579816,1.61687502854501,1986,"COM-SIR"
"160","Coregonus_sardinella-18","Sardine cisco",0.362046220411806,1.83769835992575,1.92023061880849,1.94230406139144,1.96137242736013,0.612144019103433,1.61586042884458,1987,"COM-SIR"
"161","Coregonus_sardinella-18","Sardine cisco",0.353420919904757,1.84014186351869,1.92144305233829,1.94316954362089,1.96185354160782,0.616180099005167,1.61496138969194,1988,"COM-SIR"
"162","Coregonus_sardinella-18","Sardine cisco",0.345525644331055,1.84248688681522,1.92261530459157,1.94397963726176,1.96231944630635,0.61991504744766,1.61417270710722,1989,"COM-SIR"
"163","Coregonus_sardinella-18","Sardine cisco",0.338322731709216,1.84473824134085,1.92374900513603,1.94475489097706,1.96277084970022,0.623363331646267,1.61348929470602,1990,"COM-SIR"
"164","Coregonus_sardinella-18","Sardine cisco",0.331775895757092,1.84690062347354,1.92484576538725,1.94549751380043,1.96320841634661,0.626538905503885,1.61290619585446,1991,"COM-SIR"
"165","Coregonus_sardinella-18","Sardine cisco",0.325850266522798,1.84897857753379,1.92590716343517,1.94618958766963,1.96363277045744,0.629455206956413,1.61241859071565,1992,"COM-SIR"
"166","Coregonus_sardinella-18","Sardine cisco",0.319198473375392,1.85097647045276,1.92693473310013,1.94679478702659,1.96411961064926,0.6321251651383,1.61202179877323,1993,"COM-SIR"
"167","Coregonus_sardinella-18","Sardine cisco",0.31133795705774,1.8528984755744,1.92779777417996,1.94743656194671,1.96464054514523,0.634561215620326,1.61171127743834,1994,"COM-SIR"
"168","Coregonus_sardinella-18","Sardine cisco",0.30406710325548,1.85474856358504,1.92839062434665,1.9481018738644,1.96514514368626,0.636775322104751,1.61148261735053,1995,"COM-SIR"
"169","Coregonus_sardinella-18","Sardine cisco",0.29735689231205,1.85653049893226,1.92895520586679,1.94874817385,1.96552802758199,0.638779003084647,1.61133153497723,1996,"COM-SIR"
"170","Coregonus_sardinella-18","Sardine cisco",0.291179430681012,1.85824784040565,1.92957504873172,1.94937134152953,1.96589805751809,0.640583362084245,1.61125386310455,1997,"COM-SIR"
"171","Coregonus_sardinella-18","Sardine cisco",0.28550797156523,1.85990394481011,1.93025813848276,1.94993436880253,1.96625963816499,0.642199120196395,1.611245539796,1998,"COM-SIR"
"172","Coregonus_sardinella-18","Sardine cisco",0.280316916228069,1.86150197287762,1.93095120848861,1.95047722229276,1.9666200487255,0.643636649723622,1.61130259637803,1999,"COM-SIR"
"173","Coregonus_sardinella-18","Sardine cisco",0.275581799034092,1.86304489674002,1.93180001968732,1.95100097754044,1.96703751010079,0.644906007813607,1.61142114499158,2000,"COM-SIR"
"174","Coregonus_sardinella-18","Sardine cisco",0.271279259015108,1.86453550843089,1.93262686615832,1.95150663286021,1.96744261554446,0.646016969061641,1.6115973662273,2001,"COM-SIR"
"175","Coregonus_sardinella-18","Sardine cisco",0.267387000496905,1.86597642900287,1.93343261220834,1.95199511610498,1.96783591793956,0.646979056135587,1.61182749733782,2002,"COM-SIR"
"176","Coregonus_sardinella-18","Sardine cisco",0.263883745070751,1.86737011794274,1.93421807636514,1.95246729077729,1.96821793687714,0.647801567567239,1.61210782149185,2003,"COM-SIR"
"177","Coregonus_sardinella-18","Sardine cisco",0.260749176957436,1.86871888264411,1.93498403442083,1.95292396154821,1.96858916117672,0.648493601951425,1.61243465850033,2004,"COM-SIR"
"178","Coregonus_sardinella-18","Sardine cisco",0.257963883593863,1.87002488775899,1.93573122223445,1.95336587924016,1.96895005117766,0.649064077904149,1.61280435740313,2005,"COM-SIR"
"179","Coregonus_sardinella-18","Sardine cisco",0.255509293074725,1.87129016429928,1.93646033831511,1.95379374532661,1.96930104082546,0.64952174925567,1.61321329125316,2006,"COM-SIR"
"180","Coregonus_sardinella-18","Sardine cisco",0.253367609904859,1.87251661839738,1.9371720462052,1.95428656889451,1.96964253957425,0.649875215094795,1.61365785437361,2007,"COM-SIR"
"181","Coregonus_sardinella-18","Sardine cisco",0.251521750360803,1.87370603966586,1.93786697668124,1.95478048300041,1.96997493412427,0.650132924436063,1.61413446229152,2008,"COM-SIR"
"182","Coregonus_sardinella-18","Sardine cisco",0.249955278620984,1.8748601091194,1.93848223711136,1.95526345101848,1.97029859001105,0.650303175449508,1.61463955446813,2009,"COM-SIR"
"183","Coregonus_sardinella-18","Sardine cisco",0.248652344700595,1.87598040664003,1.93897540168767,1.95573583627197,1.97061385306087,0.650394109369042,1.61516959985448,2010,"COM-SIR"
"184","Cyclopterus_lumpus-21","Lumpfish",2,2,2,2,2,0,2,1950,"COM-SIR"
"185","Cyclopterus_lumpus-21","Lumpfish",1.98927011357662,1.98927011357662,1.98967876419869,1.98967876419869,1.98967876419869,0.000371989300704572,1.98953093098055,1951,"COM-SIR"
"186","Cyclopterus_lumpus-21","Lumpfish",1.97592071644851,1.97592071644851,1.97671631800949,1.97671631800949,1.97671631800949,0.000745212016821821,1.97642975547076,1952,"COM-SIR"
"187","Cyclopterus_lumpus-21","Lumpfish",1.95839847203955,1.95839847203955,1.95981632888658,1.95981632888658,1.95981632888658,0.00119037776408768,1.95929350560476,1953,"COM-SIR"
"188","Cyclopterus_lumpus-21","Lumpfish",1.93463311217256,1.93463311217256,1.93726317622045,1.93726317622045,1.93726317622045,0.00182846095785711,1.93625832494937,1954,"COM-SIR"
"189","Cyclopterus_lumpus-21","Lumpfish",1.90187944444176,1.90187944444176,1.9068165376931,1.9068165376931,1.9068165376931,0.00289912016184789,1.90487155243919,1955,"COM-SIR"
"190","Cyclopterus_lumpus-21","Lumpfish",1.8565845566901,1.8565845566901,1.86563084143478,1.86563084143478,1.86563084143478,0.00479189324648817,1.86198855872592,1956,"COM-SIR"
"191","Cyclopterus_lumpus-21","Lumpfish",1.79436540289519,1.79436540289519,1.81025887218789,1.81025887218789,1.81025887218789,0.00802194796892686,1.80376457235799,1957,"COM-SIR"
"192","Cyclopterus_lumpus-21","Lumpfish",1.71025711356602,1.71025711356602,1.7368434394761,1.7368434394761,1.7368434394761,0.0131812584804172,1.72586951033507,1958,"COM-SIR"
"193","Cyclopterus_lumpus-21","Lumpfish",1.59947587817769,1.59947587817769,1.64164650667261,1.64164650667261,1.64164650667261,0.0208284437045927,1.62411594053243,1959,"COM-SIR"
"194","Cyclopterus_lumpus-21","Lumpfish",1.4589486280736,1.4589486280736,1.52206473802912,1.52206473802912,1.52206473802912,0.0312356689698277,1.49569432243122,1960,"COM-SIR"
"195","Cyclopterus_lumpus-21","Lumpfish",1.28960532986208,1.28960532986208,1.37813688100223,1.37813688100223,1.37813688100223,0.0439813758562614,1.34101826064561,1961,"COM-SIR"
"196","Cyclopterus_lumpus-21","Lumpfish",1.09869391244778,1.09869391244778,1.21415480847486,1.21415480847486,1.21415480847486,0.0575690872878268,1.16564086008253,1962,"COM-SIR"
"197","Cyclopterus_lumpus-21","Lumpfish",0.900353322428022,0.900353322428022,1.03941854622798,1.03941854622798,1.03941854622798,0.0695057926684041,0.980933344580098,1963,"COM-SIR"
"198","Cyclopterus_lumpus-21","Lumpfish",0.71257334308586,0.71257334308586,0.866958278820173,0.866958278820173,0.866958278820173,0.0772261807087793,0.802046109109445,1964,"COM-SIR"
"199","Cyclopterus_lumpus-21","Lumpfish",0.55099953153148,0.55099953153148,0.709990004303601,0.709990004303601,0.709990004303601,0.0794915945517336,0.643221746189425,1965,"COM-SIR"
"200","Cyclopterus_lumpus-21","Lumpfish",0.423519553694503,0.423519553694503,0.577804095473131,0.577804095473131,0.577804095473131,0.077053463766082,0.513133011587012,1966,"COM-SIR"
"201","Cyclopterus_lumpus-21","Lumpfish",0.329523382517577,0.329523382517577,0.473689047055392,0.473689047055392,0.473689047055392,0.0719240090307242,0.413394920927824,1967,"COM-SIR"
"202","Cyclopterus_lumpus-21","Lumpfish",0.263276911268524,0.263276911268524,0.395843097724078,0.395843097724078,0.395843097724078,0.0660989018180049,0.340533523871223,1968,"COM-SIR"
"203","Cyclopterus_lumpus-21","Lumpfish",0.217829616724658,0.217829616724658,0.339854142079242,0.339854142079242,0.339854142079242,0.0608466147157758,0.289066691978822,1969,"COM-SIR"
"204","Cyclopterus_lumpus-21","Lumpfish",0.18722195096954,0.18722195096954,0.300874402852033,0.300874402852033,0.300874402852033,0.0567111513881004,0.253683917522308,1970,"COM-SIR"
"205","Cyclopterus_lumpus-21","Lumpfish",0.167075474896923,0.167075474896923,0.274751395143284,0.274751395143284,0.274751395143284,0.0537937199339764,0.230143597501931,1971,"COM-SIR"
"206","Cyclopterus_lumpus-21","Lumpfish",0.154411105790987,0.154411105790987,0.258332971127405,0.258332971127405,0.258332971127405,0.0519991732176758,0.215371041012923,1972,"COM-SIR"
"207","Cyclopterus_lumpus-21","Lumpfish",0.147280165415106,0.147280165415106,0.249375722095219,0.249375722095219,0.249375722095219,0.051174376450649,0.207249929707609,1973,"COM-SIR"
"208","Cyclopterus_lumpus-21","Lumpfish",0.144438889190795,0.144438889190795,0.246340173976484,0.246340173976484,0.246340173976484,0.0511676062796126,0.204367062980369,1974,"COM-SIR"
"209","Cyclopterus_lumpus-21","Lumpfish",0.14511437932393,0.14511437932393,0.248195153894169,0.248195153894169,0.248195153894169,0.05184701043993,0.205800918505914,1975,"COM-SIR"
"210","Cyclopterus_lumpus-21","Lumpfish",0.148849153077316,0.148849153077316,0.254265337119431,0.254265337119431,0.254265337119431,0.0531016535534855,0.210968190596172,1976,"COM-SIR"
"211","Cyclopterus_lumpus-21","Lumpfish",0.15540087874547,0.15540087874547,0.264121399257181,0.264121399257181,0.264121399257181,0.054836484654622,0.219518127148859,1977,"COM-SIR"
"212","Cyclopterus_lumpus-21","Lumpfish",0.164677848532564,0.164677848532564,0.277502927848305,0.277502927848305,0.277502927848305,0.0569659440671738,0.231260807927503,1978,"COM-SIR"
"213","Cyclopterus_lumpus-21","Lumpfish",0.17669664037817,0.17669664037817,0.294264112314752,0.294264112314752,0.294264112314752,0.0594079362949443,0.246117909674401,1979,"COM-SIR"
"214","Cyclopterus_lumpus-21","Lumpfish",0.191553055271319,0.191553055271319,0.314334449450026,0.314334449450026,0.314334449450026,0.0620787111554266,0.264087731376886,1980,"COM-SIR"
"215","Cyclopterus_lumpus-21","Lumpfish",0.209400499186622,0.209400499186622,0.337688980896801,0.337688980896801,0.337688980896801,0.0648888079055244,0.285218864830303,1981,"COM-SIR"
"216","Cyclopterus_lumpus-21","Lumpfish",0.230431897932289,0.230431897932289,0.364324359231911,0.364324359231911,0.364324359231911,0.0677401545148794,0.309588731149633,1982,"COM-SIR"
"217","Cyclopterus_lumpus-21","Lumpfish",0.254862403677997,0.254862403677997,0.394238318926405,0.394238318926405,0.394238318926405,0.0705244711872444,0.337284436073139,1983,"COM-SIR"
"218","Cyclopterus_lumpus-21","Lumpfish",0.282910886682219,0.282910886682219,0.427411036797555,0.427411036797555,0.427411036797555,0.0731232139345556,0.36838423150412,1984,"COM-SIR"
"219","Cyclopterus_lumpus-21","Lumpfish",0.314778724511331,0.314778724511331,0.463787529294395,0.463787529294395,0.463787529294395,0.0754093649042082,0.40293847226532,1985,"COM-SIR"
"220","Cyclopterus_lumpus-21","Lumpfish",0.350624860234132,0.350624860234132,0.503260740988936,0.503260740988936,0.503260740988936,0.0772513991464153,0.440949442700922,1986,"COM-SIR"
"221","Cyclopterus_lumpus-21","Lumpfish",0.390536614864836,0.390536614864836,0.545655382836505,0.545655382836505,0.545655382836505,0.0785197029190983,0.482349875558043,1987,"COM-SIR"
"222","Cyclopterus_lumpus-21","Lumpfish",0.434496386504779,0.434496386504779,0.590712901944932,0.590712901944932,0.590712901944932,0.0790955589178568,0.526980440741941,1988,"COM-SIR"
"223","Cyclopterus_lumpus-21","Lumpfish",0.482345185991303,0.482345185991303,0.638078204908164,0.638078204908164,0.638078204908164,0.0788825305178463,0.57456695814141,1989,"COM-SIR"
"224","Cyclopterus_lumpus-21","Lumpfish",0.533744925061773,0.533744925061773,0.687288897127002,0.687288897127002,0.687288897127002,0.0778196730164706,0.624698567987024,1990,"COM-SIR"
"225","Cyclopterus_lumpus-21","Lumpfish",0.588142391019631,0.588142391019631,0.737767819289361,0.737767819289361,0.737767819289361,0.075895513094316,0.676808521515083,1991,"COM-SIR"
"226","Cyclopterus_lumpus-21","Lumpfish",0.644738733628893,0.644738733628893,0.788819546664446,0.788819546664446,0.788819546664446,0.0731612512198839,0.730159553408755,1992,"COM-SIR"
"227","Cyclopterus_lumpus-21","Lumpfish",0.702468821968482,0.702468821968482,0.839631279174715,0.839631279174715,0.839631279174715,0.0697412785624671,0.783835876578618,1993,"COM-SIR"
"228","Cyclopterus_lumpus-21","Lumpfish",0.759994784497649,0.759994784497649,0.889278242190816,0.889278242190816,0.889278242190816,0.0658389939559226,0.836743640501796,1994,"COM-SIR"
"229","Cyclopterus_lumpus-21","Lumpfish",0.815717343379472,0.815717343379472,0.936733440688644,0.936733440688644,0.936733440688644,0.0617361425708957,0.887621242332069,1995,"COM-SIR"
"230","Cyclopterus_lumpus-21","Lumpfish",0.867807380305288,0.867807380305288,0.980881510861268,0.980881510861268,0.980881510861268,0.05778442939465,0.935060338725476,1996,"COM-SIR"
"231","Cyclopterus_lumpus-21","Lumpfish",0.9142590479194,0.9142590479194,1.02053666843758,1.02053666843758,1.02053666843758,0.0543887352705133,0.977538093515112,1997,"COM-SIR"
"232","Cyclopterus_lumpus-21","Lumpfish",0.952965426254067,0.952965426254067,1.05446551975308,1.05446551975308,1.05446551975308,0.0519814591697128,1.01346151727436,1998,"COM-SIR"
"233","Cyclopterus_lumpus-21","Lumpfish",0.981818846708885,0.981818846708885,1.08141684730833,1.08141684730833,1.08141684730833,0.0509871007626685,1.04122600994006,1999,"COM-SIR"
"234","Cyclopterus_lumpus-21","Lumpfish",0.998840425199426,0.998840425199426,1.10016227328235,1.10016227328235,1.10016227328235,0.0517759169496735,1.05929227506465,2000,"COM-SIR"
"235","Cyclopterus_lumpus-21","Lumpfish",1.00234537018547,1.00234537018547,1.10955346330266,1.10955346330266,1.10955346330266,0.0546070541999484,1.06628766463398,2001,"COM-SIR"
"236","Cyclopterus_lumpus-21","Lumpfish",0.991148515620832,0.991148515620832,1.1086022769123,1.1086022769123,1.1086022769123,0.0595653234803126,1.06113762981829,2002,"COM-SIR"
"237","Cyclopterus_lumpus-21","Lumpfish",0.964803050882309,0.964803050882309,1.09658844648277,1.09658844648277,1.09658844648277,0.0664998184134162,1.04322724157273,2003,"COM-SIR"
"238","Cyclopterus_lumpus-21","Lumpfish",0.923840716453977,0.923840716453977,1.0731930932303,1.0731930932303,1.0731930932303,0.074977806580394,1.01257900053627,2004,"COM-SIR"
"239","Cyclopterus_lumpus-21","Lumpfish",0.869947112970546,0.869947112970546,1.03864438122576,1.03864438122576,1.03864438122576,0.0842766150875005,0.970011921139137,2005,"COM-SIR"
"240","Cyclopterus_lumpus-21","Lumpfish",0.805978261697372,0.805978261697372,0.993845004132778,0.993845004132778,0.993845004132778,0.0934429006722919,0.917225682551704,2006,"COM-SIR"
"241","Cyclopterus_lumpus-21","Lumpfish",0.735734140263317,0.735734140263317,0.940435760525648,0.940435760525648,0.940435760525648,0.101437181526454,0.856748030218873,2007,"COM-SIR"
"242","Cyclopterus_lumpus-21","Lumpfish",0.663475764293089,0.663475764293089,0.88074608448278,0.88074608448278,0.88074608448278,0.10734430435656,0.791709904813468,2008,"COM-SIR"
"243","Cyclopterus_lumpus-21","Lumpfish",0.593289357022916,0.593289357022916,0.817602595768176,0.817602595768176,0.817602595768176,0.110583298585405,0.725472002650407,2009,"COM-SIR"
"244","Cyclopterus_lumpus-21","Lumpfish",0.528495598664069,0.528495598664069,0.754012440779195,0.754012440779195,0.754012440779195,0.111029513285902,0.6611925165555,2010,"COM-SIR"
"245","Gadus_morhua-21","Atlantic cod",2,2,2,2,2,0,2,1950,"COM-SIR"
"246","Gadus_morhua-21","Atlantic cod",1.90784713527421,1.90784713527421,1.90784713527421,1.90784713527421,1.90784713527421,0,1.90784713527421,1951,"COM-SIR"
"247","Gadus_morhua-21","Atlantic cod",1.84405799368718,1.84405799368718,1.84405799368718,1.84405799368718,1.84405799368718,0,1.84405799368718,1952,"COM-SIR"
"248","Gadus_morhua-21","Atlantic cod",1.79306853518576,1.79306853518576,1.79306853518576,1.79306853518576,1.79306853518576,0,1.79306853518576,1953,"COM-SIR"
"249","Gadus_morhua-21","Atlantic cod",1.74734325684626,1.74734325684626,1.74734325684626,1.74734325684626,1.74734325684626,0,1.74734325684626,1954,"COM-SIR"
"250","Gadus_morhua-21","Atlantic cod",1.70283613380788,1.70283613380788,1.70283613380788,1.70283613380788,1.70283613380788,0,1.70283613380788,1955,"COM-SIR"
"251","Gadus_morhua-21","Atlantic cod",1.65723121448525,1.65723121448525,1.65723121448525,1.65723121448525,1.65723121448525,0,1.65723121448525,1956,"COM-SIR"
"252","Gadus_morhua-21","Atlantic cod",1.60915467191805,1.60915467191805,1.60915467191805,1.60915467191805,1.60915467191805,0,1.60915467191805,1957,"COM-SIR"
"253","Gadus_morhua-21","Atlantic cod",1.55779149539089,1.55779149539089,1.55779149539089,1.55779149539089,1.55779149539089,0,1.55779149539089,1958,"COM-SIR"
"254","Gadus_morhua-21","Atlantic cod",1.50269149920245,1.50269149920245,1.50269149920245,1.50269149920245,1.50269149920245,0,1.50269149920245,1959,"COM-SIR"
"255","Gadus_morhua-21","Atlantic cod",1.44367043727094,1.44367043727094,1.44367043727094,1.44367043727094,1.44367043727094,0,1.44367043727094,1960,"COM-SIR"
"256","Gadus_morhua-21","Atlantic cod",1.38076010318184,1.38076010318184,1.38076010318184,1.38076010318184,1.38076010318184,0,1.38076010318184,1961,"COM-SIR"
"257","Gadus_morhua-21","Atlantic cod",1.31418257840768,1.31418257840768,1.31418257840768,1.31418257840768,1.31418257840768,0,1.31418257840768,1962,"COM-SIR"
"258","Gadus_morhua-21","Atlantic cod",1.24433412220634,1.24433412220634,1.24433412220634,1.24433412220634,1.24433412220634,0,1.24433412220634,1963,"COM-SIR"
"259","Gadus_morhua-21","Atlantic cod",1.17176976560508,1.17176976560508,1.17176976560508,1.17176976560508,1.17176976560508,0,1.17176976560508,1964,"COM-SIR"
"260","Gadus_morhua-21","Atlantic cod",1.09718316318588,1.09718316318588,1.09718316318588,1.09718316318588,1.09718316318588,0,1.09718316318588,1965,"COM-SIR"
"261","Gadus_morhua-21","Atlantic cod",1.02137889378531,1.02137889378531,1.02137889378531,1.02137889378531,1.02137889378531,0,1.02137889378531,1966,"COM-SIR"
"262","Gadus_morhua-21","Atlantic cod",0.945236690738857,0.945236690738857,0.945236690738857,0.945236690738857,0.945236690738857,0,0.945236690738857,1967,"COM-SIR"
"263","Gadus_morhua-21","Atlantic cod",0.869669120315232,0.869669120315232,0.869669120315232,0.869669120315232,0.869669120315232,0,0.869669120315232,1968,"COM-SIR"
"264","Gadus_morhua-21","Atlantic cod",0.795575873761957,0.795575873761957,0.795575873761957,0.795575873761957,0.795575873761957,0,0.795575873761957,1969,"COM-SIR"
"265","Gadus_morhua-21","Atlantic cod",0.723798862808909,0.723798862808909,0.723798862808909,0.723798862808909,0.723798862808909,0,0.723798862808909,1970,"COM-SIR"
"266","Gadus_morhua-21","Atlantic cod",0.655082524571506,0.655082524571506,0.655082524571506,0.655082524571506,0.655082524571506,0,0.655082524571506,1971,"COM-SIR"
"267","Gadus_morhua-21","Atlantic cod",0.590043115243078,0.590043115243078,0.590043115243078,0.590043115243078,0.590043115243078,0,0.590043115243078,1972,"COM-SIR"
"268","Gadus_morhua-21","Atlantic cod",0.529149463825329,0.529149463825329,0.529149463825329,0.529149463825329,0.529149463825329,0,0.529149463825329,1973,"COM-SIR"
"269","Gadus_morhua-21","Atlantic cod",0.472715988812782,0.472715988812782,0.472715988812782,0.472715988812782,0.472715988812782,0,0.472715988812782,1974,"COM-SIR"
"270","Gadus_morhua-21","Atlantic cod",0.420907136731717,0.420907136731717,0.420907136731717,0.420907136731717,0.420907136731717,0,0.420907136731717,1975,"COM-SIR"
"271","Gadus_morhua-21","Atlantic cod",0.373751113684366,0.373751113684366,0.373751113684366,0.373751113684366,0.373751113684366,0,0.373751113684366,1976,"COM-SIR"
"272","Gadus_morhua-21","Atlantic cod",0.331160043229381,0.331160043229381,0.331160043229381,0.331160043229381,0.331160043229381,0,0.331160043229381,1977,"COM-SIR"
"273","Gadus_morhua-21","Atlantic cod",0.292953524453396,0.292953524453396,0.292953524453396,0.292953524453396,0.292953524453396,0,0.292953524453396,1978,"COM-SIR"
"274","Gadus_morhua-21","Atlantic cod",0.258882876413336,0.258882876413336,0.258882876413336,0.258882876413336,0.258882876413336,0,0.258882876413336,1979,"COM-SIR"
"275","Gadus_morhua-21","Atlantic cod",0.228653960740912,0.228653960740912,0.228653960740912,0.228653960740912,0.228653960740912,0,0.228653960740912,1980,"COM-SIR"
"276","Gadus_morhua-21","Atlantic cod",0.201947187713443,0.201947187713443,0.201947187713443,0.201947187713443,0.201947187713443,0,0.201947187713443,1981,"COM-SIR"
"277","Gadus_morhua-21","Atlantic cod",0.178433985816225,0.178433985816225,0.178433985816225,0.178433985816225,0.178433985816225,0,0.178433985816225,1982,"COM-SIR"
"278","Gadus_morhua-21","Atlantic cod",0.157789561781696,0.157789561781696,0.157789561781696,0.157789561781696,0.157789561781696,0,0.157789561781696,1983,"COM-SIR"
"279","Gadus_morhua-21","Atlantic cod",0.139702163254295,0.139702163254295,0.139702163254295,0.139702163254295,0.139702163254295,0,0.139702163254295,1984,"COM-SIR"
"280","Gadus_morhua-21","Atlantic cod",0.123879285687071,0.123879285687071,0.123879285687071,0.123879285687071,0.123879285687071,0,0.123879285687071,1985,"COM-SIR"
"281","Gadus_morhua-21","Atlantic cod",0.110051367381392,0.110051367381392,0.110051367381392,0.110051367381392,0.110051367381392,0,0.110051367381392,1986,"COM-SIR"
"282","Gadus_morhua-21","Atlantic cod",0.0979735280027657,0.0979735280027657,0.0979735280027657,0.0979735280027657,0.0979735280027657,0,0.0979735280027657,1987,"COM-SIR"
"283","Gadus_morhua-21","Atlantic cod",0.0874258607708163,0.0874258607708163,0.0874258607708163,0.0874258607708163,0.0874258607708163,0,0.0874258607708163,1988,"COM-SIR"
"284","Gadus_morhua-21","Atlantic cod",0.0782127144156308,0.0782127144156308,0.0782127144156308,0.0782127144156308,0.0782127144156308,0,0.0782127144156308,1989,"COM-SIR"
"285","Gadus_morhua-21","Atlantic cod",0.0701613174767557,0.0701613174767557,0.0701613174767557,0.0701613174767557,0.0701613174767557,0,0.0701613174767557,1990,"COM-SIR"
"286","Gadus_morhua-21","Atlantic cod",0.0631200168771529,0.0631200168771529,0.0631200168771529,0.0631200168771529,0.0631200168771529,0,0.0631200168771529,1991,"COM-SIR"
"287","Gadus_morhua-21","Atlantic cod",0.0569563315414137,0.0569563315414137,0.0569563315414137,0.0569563315414137,0.0569563315414137,0,0.0569563315414137,1992,"COM-SIR"
"288","Gadus_morhua-21","Atlantic cod",0.0515549628115777,0.0515549628115777,0.0515549628115777,0.0515549628115777,0.0515549628115777,0,0.0515549628115777,1993,"COM-SIR"
"289","Gadus_morhua-21","Atlantic cod",0.0468158567515593,0.0468158567515593,0.0468158567515593,0.0468158567515593,0.0468158567515593,0,0.0468158567515593,1994,"COM-SIR"
"290","Gadus_morhua-21","Atlantic cod",0.0426523779831058,0.0426523779831058,0.0426523779831058,0.0426523779831058,0.0426523779831058,0,0.0426523779831058,1995,"COM-SIR"
"291","Gadus_morhua-21","Atlantic cod",0.0389896287316326,0.0389896287316326,0.0389896287316326,0.0389896287316326,0.0389896287316326,0,0.0389896287316326,1996,"COM-SIR"
"292","Gadus_morhua-21","Atlantic cod",0.035762928421271,0.035762928421271,0.035762928421271,0.035762928421271,0.035762928421271,0,0.035762928421271,1997,"COM-SIR"
"293","Gadus_morhua-21","Atlantic cod",0.0329164567145318,0.0329164567145318,0.0329164567145318,0.0329164567145318,0.0329164567145318,0,0.0329164567145318,1998,"COM-SIR"
"294","Gadus_morhua-21","Atlantic cod",0.0304020548564809,0.0304020548564809,0.0304020548564809,0.0304020548564809,0.0304020548564809,0,0.0304020548564809,1999,"COM-SIR"
"295","Gadus_morhua-21","Atlantic cod",0.0281781753461389,0.0281781753461389,0.0281781753461389,0.0281781753461389,0.0281781753461389,0,0.0281781753461389,2000,"COM-SIR"
"296","Gadus_morhua-21","Atlantic cod",0.0262089673724882,0.0262089673724882,0.0262089673724882,0.0262089673724882,0.0262089673724882,0,0.0262089673724882,2001,"COM-SIR"
"297","Gadus_morhua-21","Atlantic cod",0.0244634844019154,0.0244634844019154,0.0244634844019154,0.0244634844019154,0.0244634844019154,0,0.0244634844019154,2002,"COM-SIR"
"298","Gadus_morhua-21","Atlantic cod",0.0229150002595017,0.0229150002595017,0.0229150002595017,0.0229150002595017,0.0229150002595017,0,0.0229150002595017,2003,"COM-SIR"
"299","Gadus_morhua-21","Atlantic cod",0.0215404206282589,0.0215404206282589,0.0215404206282589,0.0215404206282589,0.0215404206282589,0,0.0215404206282589,2004,"COM-SIR"
"300","Gadus_morhua-21","Atlantic cod",0.020319777831737,0.020319777831737,0.020319777831737,0.020319777831737,0.020319777831737,0,0.020319777831737,2005,"COM-SIR"
"301","Gadus_morhua-21","Atlantic cod",0.0192357978845136,0.0192357978845136,0.0192357978845136,0.0192357978845136,0.0192357978845136,0,0.0192357978845136,2006,"COM-SIR"
"302","Gadus_morhua-21","Atlantic cod",0.0182735299716815,0.0182735299716815,0.0182735299716815,0.0182735299716815,0.0182735299716815,0,0.0182735299716815,2007,"COM-SIR"
"303","Gadus_morhua-21","Atlantic cod",0.0174200296762532,0.0174200296762532,0.0174200296762532,0.0174200296762532,0.0174200296762532,0,0.0174200296762532,2008,"COM-SIR"
"304","Gadus_morhua-21","Atlantic cod",0.0166640883668057,0.0166640883668057,0.0166640883668057,0.0166640883668057,0.0166640883668057,0,0.0166640883668057,2009,"COM-SIR"
"305","Gadus_morhua-21","Atlantic cod",0.0159960021620309,0.0159960021620309,0.0159960021620309,0.0159960021620309,0.0159960021620309,0,0.0159960021620309,2010,"COM-SIR"
"306","Gadus_morhua-27","Atlantic cod",NA,NA,NA,NA,NA,NA,NA,NA,"COM-SIR"
"307","Gadus_ogac-21","Greenland cod",2,2,2,2,2,0,2,1950,"COM-SIR"
"308","Gadus_ogac-21","Greenland cod",1.9749142291938,1.98016139883084,1.98628789038464,1.98628789038464,1.98628789038464,0.00459920976028451,1.98254161321765,1951,"COM-SIR"
"309","Gadus_ogac-21","Greenland cod",1.96579036778184,1.9742857941551,1.97720842933019,1.97720842933019,1.97720842933019,0.00443636535618668,1.97417536047628,1952,"COM-SIR"
"310","Gadus_ogac-21","Greenland cod",1.96026823909675,1.97046977471625,1.97046977471625,1.97046977471625,1.97056272315044,0.00412215506448546,1.96837115322473,1953,"COM-SIR"
"311","Gadus_ogac-21","Greenland cod",1.95533136204915,1.96482571364921,1.96482571364921,1.96482571364921,1.96692865412446,0.00413573331881135,1.96332716160815,1954,"COM-SIR"
"312","Gadus_ogac-21","Greenland cod",1.95016476199248,1.95957707131908,1.95957707131908,1.95957707131908,1.9629679835692,0.00436408079805435,1.9583829965678,1955,"COM-SIR"
"313","Gadus_ogac-21","Greenland cod",1.94451380047321,1.95431721509234,1.95431721509234,1.95431721509234,1.95856421413015,0.00470887768194347,1.95322936465705,1956,"COM-SIR"
"314","Gadus_ogac-21","Greenland cod",1.93826717462486,1.94879725049328,1.94879725049328,1.94879725049328,1.95365293609413,0.00512799723703967,1.94768808439527,1957,"COM-SIR"
"315","Gadus_ogac-21","Greenland cod",1.93134772954206,1.94285303532028,1.94285303532028,1.94285303532028,1.94817538295821,0.00560655050013762,1.94163716538382,1958,"COM-SIR"
"316","Gadus_ogac-21","Greenland cod",1.92368342736646,1.93636513142626,1.93636513142626,1.93636513142626,1.94206939069748,0.0061403350130471,1.93498001614203,1959,"COM-SIR"
"317","Gadus_ogac-21","Greenland cod",1.91519948390116,1.92923663840668,1.92923663840668,1.92923663840668,1.93526741228392,0.00672946136675874,1.92763086731236,1960,"COM-SIR"
"318","Gadus_ogac-21","Greenland cod",1.9058161747338,1.92138085390625,1.92138085390625,1.92138085390625,1.92769589724909,0.00737601938050651,1.91950724763744,1961,"COM-SIR"
"319","Gadus_ogac-21","Greenland cod",1.89544822109828,1.91271438734473,1.91271438734473,1.91271438734473,1.91927497453228,0.00808315083987387,1.91052592662991,1962,"COM-SIR"
"320","Gadus_ogac-21","Greenland cod",1.8840046845529,1.90315333611831,1.90315333611831,1.90315333611831,1.90991825475121,0.00885461742669867,1.9006007083256,1963,"COM-SIR"
"321","Gadus_ogac-21","Greenland cod",1.87138910542118,1.892611215847,1.892611215847,1.892611215847,1.89953273895719,0.00969455529649692,1.88964128336238,1964,"COM-SIR"
"322","Gadus_ogac-21","Greenland cod",1.85749983843817,1.88099793293713,1.88099793293713,1.88099793293713,1.88801885793777,0.0106073039615546,1.87755273717309,1965,"COM-SIR"
"323","Gadus_ogac-21","Greenland cod",1.84223060048272,1.86821941890461,1.86821941890461,1.86821941890461,1.87527067770432,0.0115972622904775,1.86423551329371,1966,"COM-SIR"
"324","Gadus_ogac-21","Greenland cod",1.82547126395467,1.85417773075751,1.85417773075751,1.85417773075751,1.86117631343237,0.012668748000638,1.84958573955037,1967,"COM-SIR"
"325","Gadus_ogac-21","Greenland cod",1.80710893549273,1.83877152530934,1.83877152530934,1.83877152530934,1.84561859940817,0.0138258468626496,1.83349588517533,1968,"COM-SIR"
"326","Gadus_ogac-21","Greenland cod",1.78702936097125,1.82189687316427,1.82189687316427,1.82189687316427,1.82847606668887,0.0150722428203968,1.81585575034083,1969,"COM-SIR"
"327","Gadus_ogac-21","Greenland cod",1.76511869554124,1.80344840964133,1.80344840964133,1.80344840964133,1.80962428260718,0.0164110234181757,1.79655380717993,1970,"COM-SIR"
"328","Gadus_ogac-21","Greenland cod",1.74126567163183,1.7833208354644,1.7833208354644,1.7833208354644,1.78893760601365,0.0178444575513396,1.77547891858899,1971,"COM-SIR"
"329","Gadus_ogac-21","Greenland cod",1.7153641875317,1.76141078501004,1.76141078501004,1.76141078501004,1.76629140809532,0.0193737452227289,1.7525224605319,1972,"COM-SIR"
"330","Gadus_ogac-21","Greenland cod",1.68731632355627,1.73761907686996,1.73761907686996,1.73761907686996,1.74156479941018,0.0209987420348871,1.72758086613992,1973,"COM-SIR"
"331","Gadus_ogac-21","Greenland cod",1.65703577112852,1.71185335154415,1.71185335154415,1.71185335154415,1.71464388802823,0.0227176647594342,1.70055859575405,1974,"COM-SIR"
"332","Gadus_ogac-21","Greenland cod",1.62445163193345,1.68403108460535,1.68403108460535,1.68403108460535,1.68542557004087,0.0245267885372496,1.67137151601853,1975,"COM-SIR"
"333","Gadus_ogac-21","Greenland cod",1.58951250978209,1.65382182116944,1.65408294083573,1.65408294083573,1.65408294083573,0.0264201509493918,1.63995064312682,1976,"COM-SIR"
"334","Gadus_ogac-21","Greenland cod",1.55219077788275,1.61976441637135,1.62195640599123,1.62195640599123,1.62195640599123,0.0283892830387032,1.60624617071316,1977,"COM-SIR"
"335","Gadus_ogac-21","Greenland cod",1.51248686086314,1.58320995381747,1.58761959887725,1.58761959887725,1.58761959887725,0.0304229918229608,1.57023166280922,1978,"COM-SIR"
"336","Gadus_ogac-21","Greenland cod",1.47043332735824,1.54414500242949,1.55106512899294,1.55106512899294,1.55106512899294,0.0325072221868742,1.53190824893481,1979,"COM-SIR"
"337","Gadus_ogac-21","Greenland cod",1.42609854980526,1.50259113214418,1.5123138267926,1.5123138267926,1.5123138267926,0.0346250273933429,1.49130861520388,1980,"COM-SIR"
"338","Gadus_ogac-21","Greenland cod",1.37958965892698,1.45860952904634,1.4714181383747,1.4714181383747,1.4714181383747,0.0367566759134783,1.44850054703353,1981,"COM-SIR"
"339","Gadus_ogac-21","Greenland cod",1.33105450756679,1.41230485124026,1.42846494888618,1.42846494888618,1.42846494888618,0.0388799171006644,1.4035897514756,1982,"COM-SIR"
"340","Gadus_ogac-21","Greenland cod",1.28068236828028,1.36382795497533,1.38357758451579,1.38357758451579,1.38357758451579,0.0409704190706794,1.35672167676827,1983,"COM-SIR"
"341","Gadus_ogac-21","Greenland cod",1.22870312641576,1.31337712361319,1.33691674708331,1.33691674708331,1.33691674708331,0.043002379237236,1.30808205960706,1984,"COM-SIR"
"342","Gadus_ogac-21","Greenland cod",1.17538479790767,1.26119747277024,1.28868016251154,1.28868016251154,1.28868016251154,0.0449492922589024,1.2578959716498,1985,"COM-SIR"
"343","Gadus_ogac-21","Greenland cod",1.12102929758962,1.20757828838703,1.23910077761544,1.23910077761544,1.23910077761544,0.0467848433643469,1.20642520802313,1986,"COM-SIR"
"344","Gadus_ogac-21","Greenland cod",1.06596650394045,1.15284818027831,1.18844341844435,1.18844341844435,1.18844341844435,0.0484838793416511,1.15396396035473,1987,"COM-SIR"
"345","Gadus_ogac-21","Greenland cod",1.01054679958621,1.09736809477826,1.1369999239305,1.1369999239305,1.1369999239305,0.0500233972571782,1.10083283876471,1988,"COM-SIR"
"346","Gadus_ogac-21","Greenland cod",0.955132399492618,1.04152241196694,1.08508288288872,1.08508288288872,1.08508288288872,0.0513834842526959,1.04737144032673,1989,"COM-SIR"
"347","Gadus_ogac-21","Greenland cod",0.900087894378674,0.98570853491867,1.03301821901623,1.03301821901623,1.03301821901623,0.052548141859195,0.993929791100826,1990,"COM-SIR"
"348","Gadus_ogac-21","Greenland cod",0.845770519676864,0.930325536208468,0.981136973792522,0.981136973792522,0.981136973792522,0.0535059354513991,0.940859098570296,1991,"COM-SIR"
"349","Gadus_ogac-21","Greenland cod",0.792520697863776,0.875762536913198,0.92976671724601,0.92976671724601,0.92976671724601,0.0542504229769533,0.888502325775562,1992,"COM-SIR"
"350","Gadus_ogac-21","Greenland cod",0.740653387510242,0.822387537214594,0.879223059846732,0.879223059846732,0.879223059846732,0.0547803352721322,0.837185126064174,1993,"COM-SIR"
"351","Gadus_ogac-21","Greenland cod",0.690450706625957,0.770537386491758,0.829801738208049,0.829801738208049,0.829801738208049,0.0550995009032176,0.787207652859713,1994,"COM-SIR"
"352","Gadus_ogac-21","Greenland cod",0.642156188932469,0.720509477217581,0.78177170177908,0.78177170177908,0.78177170177908,0.0552165291402381,0.738837684431551,1995,"COM-SIR"
"353","Gadus_ogac-21","Greenland cod",0.595970893768817,0.672555585289362,0.735369542673588,0.735369542673588,0.735369542673588,0.0551442831141022,0.692305388890223,1996,"COM-SIR"
"354","Gadus_ogac-21","Greenland cod",0.552051441040289,0.626878082631394,0.690795497161028,0.690795497161028,0.690795497161028,0.0548991895758752,0.647799914714274,1997,"COM-SIR"
"355","Gadus_ogac-21","Greenland cod",0.51050989987746,0.583628543169426,0.648211119670974,0.648211119670974,0.648211119670974,0.0545004407113607,0.605467844996326,1998,"COM-SIR"
"356","Gadus_ogac-21","Greenland cod",0.471415338725203,0.542908576686401,0.607738603935832,0.607738603935832,0.607738603935832,0.0539691466179345,0.565413416810899,1999,"COM-SIR"
"357","Gadus_ogac-21","Greenland cod",0.434796755876351,0.504772577118401,0.569461614988621,0.569461614988621,0.569461614988621,0.0533274945168363,0.527700294902367,2000,"COM-SIR"
"358","Gadus_ogac-21","Greenland cod",0.400647057704149,0.469231974610067,0.533427410346629,0.533427410346629,0.533427410346629,0.0525979634210259,0.492354610339924,2001,"COM-SIR"
"359","Gadus_ogac-21","Greenland cod",0.368927736237415,0.436260537066193,0.499649974293743,0.499649974293743,0.499649974293743,0.0518026321831576,0.459368933132771,2002,"COM-SIR"
"360","Gadus_ogac-21","Greenland cod",0.339573913139853,0.405800272036582,0.46811386634909,0.46811386634909,0.46811386634909,0.0509626062513297,0.428706840984384,2003,"COM-SIR"
"361","Gadus_ogac-21","Greenland cod",0.312499455808604,0.377767523113323,0.438778490376739,0.438778490376739,0.438856577155994,0.0500975756938501,0.400307768387028,2004,"COM-SIR"
"362","Gadus_ogac-21","Greenland cod",0.287601924447538,0.352058923580126,0.411582518244087,0.411582518244087,0.411802388608895,0.0492255054990362,0.374091862908222,2005,"COM-SIR"
"363","Gadus_ogac-21","Greenland cod",0.264767168320444,0.32855695083606,0.386448244130985,0.386448244130985,0.386717559995541,0.0483624497800264,0.349964630070966,2006,"COM-SIR"
"364","Gadus_ogac-21","Greenland cod",0.243873448107368,0.307134907035488,0.363285695248373,0.363285695248373,0.36357082113569,0.0475224748137198,0.327821206758543,2007,"COM-SIR"
"365","Gadus_ogac-21","Greenland cod",0.224795014439134,0.287661226280142,0.341996375575092,0.341996375575092,0.342299426443512,0.0467176718761658,0.307550159299589,2008,"COM-SIR"
"366","Gadus_ogac-21","Greenland cod",0.207405117289964,0.27000307155775,0.322476566529311,0.322476566529311,0.322799313391647,0.0459582393258408,0.289036752000618,2009,"COM-SIR"
"367","Gadus_ogac-21","Greenland cod",0.191578455698375,0.254029233252033,0.304620149198508,0.304620149198508,0.304964067557102,0.045252613844602,0.272165672498231,2010,"COM-SIR"
"368","Hippoglossoides_platessoides-21","American plaice",2,2,2,2,2,0,2,1950,"COM-SIR"
"369","Hippoglossoides_platessoides-21","American plaice",1.9318519705416,1.9318519705416,1.9318519705416,1.9318519705416,1.9318519705416,0.00105374120745307,1.93185259717754,1951,"COM-SIR"
"370","Hippoglossoides_platessoides-21","American plaice",1.85486689889446,1.85486689889446,1.85486689889446,1.85486689889446,1.85486689889446,0.00182383773647244,1.85487383723821,1952,"COM-SIR"
"371","Hippoglossoides_platessoides-21","American plaice",1.76740777321944,1.76740777321944,1.76740777321944,1.76740777321944,1.76740777321944,0.00241428446478635,1.76742575960599,1953,"COM-SIR"
"372","Hippoglossoides_platessoides-21","American plaice",1.66822202949218,1.66822202949218,1.66822202949218,1.66822202949218,1.66822202949218,0.00288699145771235,1.66825523379991,1954,"COM-SIR"
"373","Hippoglossoides_platessoides-21","American plaice",1.55671699406227,1.55671699406227,1.55671699406227,1.55671699406227,1.55671699406227,0.00328062860334262,1.55676898423902,1955,"COM-SIR"
"374","Hippoglossoides_platessoides-21","American plaice",1.43326585877214,1.43326585877214,1.43326585877214,1.43326585877214,1.43326585877214,0.00361825593490341,1.43333928188132,1956,"COM-SIR"
"375","Hippoglossoides_platessoides-21","American plaice",1.2994728543838,1.2994728543838,1.2994728543838,1.2994728543838,1.2994728543838,0.0039090142508557,1.29956895241401,1957,"COM-SIR"
"376","Hippoglossoides_platessoides-21","American plaice",1.15829303796976,1.15829303796976,1.15829303796976,1.15829303796976,1.15829303796976,0.00414781096683519,1.15841116037683,1958,"COM-SIR"
"377","Hippoglossoides_platessoides-21","American plaice",1.01389848965184,1.01389848965184,1.01389848965184,1.01389848965184,1.01389848965184,0.00431705506989207,1.01403580941614,1959,"COM-SIR"
"378","Hippoglossoides_platessoides-21","American plaice",0.87123538917526,0.87123538917526,0.87123538917526,0.87123538917526,0.87123538917526,0.00439306780327794,0.871387014953902,1960,"COM-SIR"
"379","Hippoglossoides_platessoides-21","American plaice",0.735327421436909,0.735327421436909,0.735327421436909,0.735327421436909,0.735327421436909,0.00435622761390236,0.735486985491965,1961,"COM-SIR"
"380","Hippoglossoides_platessoides-21","American plaice",0.610504908946667,0.610504908946667,0.610504908946667,0.610504908946667,0.610504908946667,0.00420051891083357,0.610665522227088,1962,"COM-SIR"
"381","Hippoglossoides_platessoides-21","American plaice",0.499797204811384,0.499797204811384,0.499797204811384,0.499797204811384,0.499797204811384,0.00393776917417441,0.499952503324683,1963,"COM-SIR"
"382","Hippoglossoides_platessoides-21","American plaice",0.404666106135118,0.404666106135118,0.404666106135118,0.404666106135118,0.404666106135118,0.00359484132063046,0.404811074512272,1964,"COM-SIR"
"383","Hippoglossoides_platessoides-21","American plaice",0.325110208324815,0.325110208324815,0.325110208324815,0.325110208324815,0.325110208324815,0.00320596639735826,0.325241583063261,1965,"COM-SIR"
"384","Hippoglossoides_platessoides-21","American plaice",0.260028283475547,0.260028283475547,0.260028283475547,0.260028283475547,0.260028283475547,0.0028043619199298,0.260144526973978,1966,"COM-SIR"
"385","Hippoglossoides_platessoides-21","American plaice",0.207671688607017,0.207671688607017,0.207671688607017,0.207671688607017,0.207671688607017,0.00241642827174404,0.207772669305812,1967,"COM-SIR"
"386","Hippoglossoides_platessoides-21","American plaice",0.166046789852766,0.166046789852766,0.166046789852766,0.166046789852766,0.166046789852766,0.00205955337599572,0.16613334580821,1968,"COM-SIR"
"387","Hippoglossoides_platessoides-21","American plaice",0.13319974431441,0.13319974431441,0.13319974431441,0.13319974431441,0.13319974431441,0.00174273069602955,0.133273268034603,1969,"COM-SIR"
"388","Hippoglossoides_platessoides-21","American plaice",0.107378303757222,0.107378303757222,0.107378303757222,0.107378303757222,0.107378303757222,0.00146857167581317,0.107440418699195,1970,"COM-SIR"
"389","Hippoglossoides_platessoides-21","American plaice",0.0870981511215319,0.0870981511215319,0.0870981511215319,0.0870981511215319,0.0870981511215319,0.00123555727913228,0.0871504948446947,1971,"COM-SIR"
"390","Hippoglossoides_platessoides-21","American plaice",0.0711486483018773,0.0711486483018773,0.0711486483018773,0.0711486483018773,0.0711486483018773,0.00103991352175542,0.0711927468250439,1972,"COM-SIR"
"391","Hippoglossoides_platessoides-21","American plaice",0.0585668998270859,0.0585668998270859,0.0585668998270859,0.0585668998270859,0.0585668998270859,0.000876930641334175,0.0586041078353487,1973,"COM-SIR"
"392","Hippoglossoides_platessoides-21","American plaice",0.0485994573701025,0.0485994573701025,0.0485994573701025,0.0485994573701025,0.0485994573701025,0.00074177826564672,0.0486309404286819,1974,"COM-SIR"
"393","Hippoglossoides_platessoides-21","American plaice",0.0406626572705759,0.0406626572705759,0.0406626572705759,0.0406626572705759,0.0406626572705759,0.000629947665786954,0.0406893979129075,1975,"COM-SIR"
"394","Hippoglossoides_platessoides-21","American plaice",0.0343068558176237,0.0343068558176237,0.0343068558176237,0.0343068558176237,0.0343068558176237,0.000537450618238764,0.0343296713597801,1976,"COM-SIR"
"395","Hippoglossoides_platessoides-21","American plaice",0.0291864393103167,0.0291864393103167,0.0291864393103167,0.0291864393103167,0.0291864393103167,0.000460874402531159,0.029206003997734,1977,"COM-SIR"
"396","Hippoglossoides_platessoides-21","American plaice",0.0250357280172225,0.0250357280172225,0.0250357280172225,0.0250357280172225,0.0250357280172225,0.000397359961138605,0.0250525953963909,1978,"COM-SIR"
"397","Hippoglossoides_platessoides-21","American plaice",0.021650118169524,0.021650118169524,0.021650118169524,0.021650118169524,0.021650118169524,0.000344544499959935,0.0216647416517464,1979,"COM-SIR"
"398","Hippoglossoides_platessoides-21","American plaice",0.018871561817711,0.018871561817711,0.018871561817711,0.018871561817711,0.018871561817711,0.000300492112192607,0.0188843126189588,1980,"COM-SIR"
"399","Hippoglossoides_platessoides-21","American plaice",0.0165774956385965,0.0165774956385965,0.0165774956385965,0.0165774956385965,0.0165774956385965,0.000263624855342677,0.0165886779429205,1981,"COM-SIR"
"400","Hippoglossoides_platessoides-21","American plaice",0.0146724448295596,0.0146724448295596,0.0146724448295596,0.0146724448295596,0.0146724448295596,0.000232660116781639,0.0146823083523737,1982,"COM-SIR"
"401","Hippoglossoides_platessoides-21","American plaice",0.0130816705222169,0.0130816705222169,0.0130816705222169,0.0130816705222169,0.0130816705222169,0.000206556423006954,0.0130904207875272,1983,"COM-SIR"
"402","Hippoglossoides_platessoides-21","American plaice",0.011746364127005,0.011746364127005,0.011746364127005,0.011746364127005,0.011746364127005,0.00018446792475045,0.0117541708076234,1984,"COM-SIR"
"403","Hippoglossoides_platessoides-21","American plaice",0.0106200068791005,0.0106200068791005,0.0106200068791005,0.0106200068791005,0.0106200068791005,0.000165706878288888,0.010627010532873,1985,"COM-SIR"
"404","Hippoglossoides_platessoides-21","American plaice",0.00966560518551133,0.00966560518551133,0.00966560518551133,0.00966560518551133,0.00966560518551133,0.000149713087463112,0.00967192268265861,1986,"COM-SIR"
"405","Hippoglossoides_platessoides-21","American plaice",0.00885358417264383,0.00885358417264383,0.00885358417264383,0.00885358417264383,0.00885358417264383,0.00013602920422898,0.00885931306494009,1987,"COM-SIR"
"406","Hippoglossoides_platessoides-21","American plaice",0.00816017655212469,0.00816017655212469,0.00816017655212469,0.00816017655212469,0.00816017655212469,0.000124280857162101,0.008165398591521,1988,"COM-SIR"
"407","Hippoglossoides_platessoides-21","American plaice",0.00756618511063589,0.00756618511063589,0.00756618511063589,0.00756618511063589,0.00756618511063589,0.000114160705011747,0.00757096908642796,1989,"COM-SIR"
"408","Hippoglossoides_platessoides-21","American plaice",0.00705602790582902,0.00705602790582902,0.00705602790582902,0.00705602790582902,0.00705602790582902,0.000105415653452708,0.00706043193665935,1990,"COM-SIR"
"409","Hippoglossoides_platessoides-21","American plaice",0.00661699815618865,0.00661699815618865,0.00661699815618865,0.00661699815618865,0.00661699815618865,9.78366070337549e-05,0.0066210715459976,1991,"COM-SIR"
"410","Hippoglossoides_platessoides-21","American plaice",0.00623868783362413,0.00623868783362413,0.00623868783362413,0.00623868783362413,0.00623868783362413,9.12502463724144e-05,0.00624247257855807,1992,"COM-SIR"
"411","Hippoglossoides_platessoides-21","American plaice",0.00591253661659716,0.00591253661659716,0.00591253661659716,0.00591253661659716,0.00591253661659716,8.55124205327586e-05,0.00591606863210834,1993,"COM-SIR"
"412","Hippoglossoides_platessoides-21","American plaice",0.00563147727387404,0.00563147727387404,0.00563147727387404,0.00563147727387404,0.00563147727387404,8.05028269083012e-05,0.00563478739706308,1994,"COM-SIR"
"413","Hippoglossoides_platessoides-21","American plaice",0.00538965556805511,0.00538965556805511,0.00538965556805511,0.00538965556805511,0.00538965556805511,7.6120717773043e-05,0.00539277037904103,1995,"COM-SIR"
"414","Hippoglossoides_platessoides-21","American plaice",0.00518220801719707,0.00518220801719707,0.00518220801719707,0.00518220801719707,0.00518220801719707,7.22814263101672e-05,0.0051851505143746,1996,"COM-SIR"
"415","Hippoglossoides_platessoides-21","American plaice",0.00500508479135595,0.00500508479135595,0.00500508479135595,0.00500508479135595,0.00500508479135595,6.89135476802659e-05,0.00500787494833788,1997,"COM-SIR"
"416","Hippoglossoides_platessoides-21","American plaice",0.00485490798676157,0.00485490798676157,0.00485490798676157,0.00485490798676157,0.00485490798676157,6.59566446074675e-05,0.00485756321321631,1998,"COM-SIR"
"417","Hippoglossoides_platessoides-21","American plaice",0.00472885776247037,0.00472885776247037,0.00472885776247037,0.00472885776247037,0.00472885776247037,6.33593737954292e-05,0.00473139328664147,1999,"COM-SIR"
"418","Hippoglossoides_platessoides-21","American plaice",0.00462458052623288,0.00462458052623288,0.00462458052623288,0.00462458052623288,0.00462458052623288,6.10779506850264e-05,0.00462700971342017,2000,"COM-SIR"
"419","Hippoglossoides_platessoides-21","American plaice",0.00454011465352902,0.00454011465352902,0.00454011465352902,0.00454011465352902,0.00454011465352902,5.90748868069756e-05,0.00454244927202629,2001,"COM-SIR"
"420","Hippoglossoides_platessoides-21","American plaice",0.00447383021670537,0.00447383021670537,0.00447383021670537,0.00447383021670537,0.00447383021670537,5.73179472066037e-05,0.00447608066047324,2002,"COM-SIR"
"421","Hippoglossoides_platessoides-21","American plaice",0.00442437996452015,0.00442437996452015,0.00442437996452015,0.00442437996452015,0.00442437996452015,5.57792858716576e-05,0.00442655544010497,2003,"COM-SIR"
"422","Hippoglossoides_platessoides-21","American plaice",0.00439065938180431,0.00439065938180431,0.00439065938180431,0.00439065938180431,0.00439065938180431,5.44347253672734e-05,0.00439276806560045,2004,"COM-SIR"
"423","Hippoglossoides_platessoides-21","American plaice",0.00437177411601084,0.00437177411601084,0.00437177411601084,0.00437177411601084,0.00437177411601084,5.32631534389973e-05,0.00437382328682998,2005,"COM-SIR"
"424","Hippoglossoides_platessoides-21","American plaice",0.00436701341341291,0.00436701341341291,0.00436701341341291,0.00436701341341291,0.00436701341341291,5.2246014549386e-05,0.00436900956441281,2006,"COM-SIR"
"425","Hippoglossoides_platessoides-21","American plaice",0.00437582848619493,0.00437582848619493,0.00437582848619493,0.00437582848619493,0.00437582848619493,5.13668784520352e-05,0.00437777741948531,2007,"COM-SIR"
"426","Hippoglossoides_platessoides-21","American plaice",0.00439781495049736,0.00439781495049736,0.00439781495049736,0.00439781495049736,0.00439781495049736,5.06110712033005e-05,0.00439972185714648,2008,"COM-SIR"
"427","Hippoglossoides_platessoides-21","American plaice",0.00443269864817853,0.00443269864817853,0.00443269864817853,0.00443269864817853,0.00443269864817853,4.99653566429975e-05,0.00443456817586267,2009,"COM-SIR"
"428","Hippoglossoides_platessoides-21","American plaice",0.00448032430198597,0.00448032430198597,0.00448032430198597,0.00448032430198597,0.00448032430198597,4.94176584803887e-05,0.0044821606121327,2010,"COM-SIR"
