rgn_id,stock_id_taxonkey,year,mean_catch
1,Marine_fishes_not_identified-18_100039,2001,6.086911759
1,Osmeridae-18_400080,2001,10.74183498
1,Oncorhynchus-18_502724,2001,0.2370319
1,Coregonus-18_506253,2001,130.6689126
1,Oncorhynchus_gorbuscha-18_600240,2001,10.36251257
1,Eleginus_gracilis-18_600315,2001,14.25674735
1,Boreogadus_saida-18_600319,2001,3.256116464
1,Clupea_pallasii_pallasii-18_601520,2001,9.972686583
1,Coregonus_autumnalis-18_602669,2001,14.42070644
1,Coregonus_nasus-18_602674,2001,49.36039386
1,Coregonus_pidschian-18_602676,2001,0.01166157
1,Coregonus_sardinella-18_602678,2001,12.01454442
1,Salvelinus_malma_malma-18_602691,2001,80.66130089
1,Stenodus_leucichthys-18_602692,2001,192.9441839
1,Myoxocephalus_quadricornis-18_604122,2001,0.905009749
1,Platichthys_stellatus-18_604249,2001,3.80E-07
1,Coregonus_laurettae-18_646941,2001,4.497809572
1,Marine_fishes_not_identified-18_100039,2002,6.086911759
1,Osmeridae-18_400080,2002,10.74183498
1,Oncorhynchus-18_502724,2002,0.2370319
1,Coregonus-18_506253,2002,130.6689126
1,Oncorhynchus_gorbuscha-18_600240,2002,10.36251257
1,Eleginus_gracilis-18_600315,2002,14.25674735
1,Boreogadus_saida-18_600319,2002,3.256116464
1,Clupea_pallasii_pallasii-18_601520,2002,9.972686583
1,Coregonus_autumnalis-18_602669,2002,14.42070644
1,Coregonus_nasus-18_602674,2002,49.36039386
1,Coregonus_pidschian-18_602676,2002,0.01166157
1,Coregonus_sardinella-18_602678,2002,12.01454442
1,Salvelinus_malma_malma-18_602691,2002,80.66130089
1,Stenodus_leucichthys-18_602692,2002,192.9441839
1,Myoxocephalus_quadricornis-18_604122,2002,0.905009749
1,Platichthys_stellatus-18_604249,2002,3.80E-07
1,Coregonus_laurettae-18_646941,2002,4.497809572
1,Marine_fishes_not_identified-18_100039,2003,6.086911759
1,Osmeridae-18_400080,2003,10.74183498
1,Oncorhynchus-18_502724,2003,0.2370319
1,Coregonus-18_506253,2003,130.6689126
1,Oncorhynchus_gorbuscha-18_600240,2003,10.36251257
1,Eleginus_gracilis-18_600315,2003,14.25674735
1,Boreogadus_saida-18_600319,2003,3.256116464
1,Clupea_pallasii_pallasii-18_601520,2003,9.972686583
1,Coregonus_autumnalis-18_602669,2003,14.42070644
1,Coregonus_nasus-18_602674,2003,49.36039386
1,Coregonus_pidschian-18_602676,2003,0.01166157
1,Coregonus_sardinella-18_602678,2003,12.01454442
1,Salvelinus_malma_malma-18_602691,2003,80.66130089
1,Stenodus_leucichthys-18_602692,2003,192.9441839
1,Myoxocephalus_quadricornis-18_604122,2003,0.905009749
1,Platichthys_stellatus-18_604249,2003,3.80E-07
1,Coregonus_laurettae-18_646941,2003,4.497809572
1,Marine_fishes_not_identified-18_100039,2004,6.086911759
1,Osmeridae-18_400080,2004,10.74183498
1,Oncorhynchus-18_502724,2004,0.2370319
1,Coregonus-18_506253,2004,130.6689126
1,Oncorhynchus_gorbuscha-18_600240,2004,10.36251257
1,Eleginus_gracilis-18_600315,2004,14.25674735
1,Boreogadus_saida-18_600319,2004,3.256116464
1,Clupea_pallasii_pallasii-18_601520,2004,9.972686583
1,Coregonus_autumnalis-18_602669,2004,14.42070644
1,Coregonus_nasus-18_602674,2004,49.36039386
1,Coregonus_pidschian-18_602676,2004,0.01166157
1,Coregonus_sardinella-18_602678,2004,12.01454442
1,Salvelinus_malma_malma-18_602691,2004,80.66130089
1,Stenodus_leucichthys-18_602692,2004,192.9441839
1,Myoxocephalus_quadricornis-18_604122,2004,0.905009749
1,Platichthys_stellatus-18_604249,2004,3.80E-07
1,Coregonus_laurettae-18_646941,2004,4.497809572
1,Marine_fishes_not_identified-18_100039,2005,6.086911759
1,Osmeridae-18_400080,2005,10.74183498
1,Oncorhynchus-18_502724,2005,0.2370319
1,Coregonus-18_506253,2005,130.6689126
1,Oncorhynchus_gorbuscha-18_600240,2005,10.36251257
1,Eleginus_gracilis-18_600315,2005,14.25674735
1,Boreogadus_saida-18_600319,2005,3.256116464
1,Clupea_pallasii_pallasii-18_601520,2005,9.972686583
1,Coregonus_autumnalis-18_602669,2005,14.42070644
1,Coregonus_nasus-18_602674,2005,49.36039386
1,Coregonus_pidschian-18_602676,2005,0.01166157
1,Coregonus_sardinella-18_602678,2005,12.01454442
1,Salvelinus_malma_malma-18_602691,2005,80.66130089
1,Stenodus_leucichthys-18_602692,2005,192.9441839
1,Myoxocephalus_quadricornis-18_604122,2005,0.905009749
1,Platichthys_stellatus-18_604249,2005,3.80E-07
1,Coregonus_laurettae-18_646941,2005,4.497809572
1,Marine_fishes_not_identified-18_100039,2006,6.086911759
1,Osmeridae-18_400080,2006,10.74183498
1,Oncorhynchus-18_502724,2006,0.2370319
1,Coregonus-18_506253,2006,130.6689126
1,Oncorhynchus_gorbuscha-18_600240,2006,10.36251257
1,Eleginus_gracilis-18_600315,2006,14.25674735
1,Boreogadus_saida-18_600319,2006,3.256116464
1,Clupea_pallasii_pallasii-18_601520,2006,9.972686583
1,Coregonus_autumnalis-18_602669,2006,14.42070644
1,Coregonus_nasus-18_602674,2006,49.36039386
1,Coregonus_pidschian-18_602676,2006,0.01166157
1,Coregonus_sardinella-18_602678,2006,12.01454442
1,Salvelinus_malma_malma-18_602691,2006,80.66130089
1,Stenodus_leucichthys-18_602692,2006,192.9441839
1,Myoxocephalus_quadricornis-18_604122,2006,0.905009749
1,Platichthys_stellatus-18_604249,2006,3.80E-07
1,Coregonus_laurettae-18_646941,2006,4.497809572
1,Marine_fishes_not_identified-18_100039,2007,6.086911759
1,Osmeridae-18_400080,2007,10.74183498
1,Oncorhynchus-18_502724,2007,0.2370319
1,Coregonus-18_506253,2007,130.6689126
1,Oncorhynchus_gorbuscha-18_600240,2007,10.36251257
1,Eleginus_gracilis-18_600315,2007,14.25674735
1,Boreogadus_saida-18_600319,2007,3.256116464
1,Clupea_pallasii_pallasii-18_601520,2007,9.972686583
1,Coregonus_autumnalis-18_602669,2007,14.42070644
1,Coregonus_nasus-18_602674,2007,49.36039386
1,Coregonus_pidschian-18_602676,2007,0.01166157
1,Coregonus_sardinella-18_602678,2007,12.01454442
1,Salvelinus_malma_malma-18_602691,2007,80.66130089
1,Stenodus_leucichthys-18_602692,2007,192.9441839
1,Myoxocephalus_quadricornis-18_604122,2007,0.905009749
1,Platichthys_stellatus-18_604249,2007,3.80E-07
1,Coregonus_laurettae-18_646941,2007,4.497809572
1,Marine_fishes_not_identified-18_100039,2008,6.086911759
1,Osmeridae-18_400080,2008,10.74183498
1,Oncorhynchus-18_502724,2008,0.2370319
1,Coregonus-18_506253,2008,130.6689126
1,Oncorhynchus_gorbuscha-18_600240,2008,10.36251257
1,Eleginus_gracilis-18_600315,2008,14.25674735
1,Boreogadus_saida-18_600319,2008,3.256116464
1,Clupea_pallasii_pallasii-18_601520,2008,9.972686583
1,Coregonus_autumnalis-18_602669,2008,14.42070644
1,Coregonus_nasus-18_602674,2008,49.36039386
1,Coregonus_pidschian-18_602676,2008,0.01166157
1,Coregonus_sardinella-18_602678,2008,12.01454442
1,Salvelinus_malma_malma-18_602691,2008,80.66130089
1,Stenodus_leucichthys-18_602692,2008,192.9441839
1,Myoxocephalus_quadricornis-18_604122,2008,0.905009749
1,Platichthys_stellatus-18_604249,2008,3.80E-07
1,Coregonus_laurettae-18_646941,2008,4.497809572
1,Marine_fishes_not_identified-18_100039,2009,6.086911759
1,Osmeridae-18_400080,2009,10.74183498
1,Oncorhynchus-18_502724,2009,0.2370319
1,Coregonus-18_506253,2009,130.6689126
1,Oncorhynchus_gorbuscha-18_600240,2009,10.36251257
1,Eleginus_gracilis-18_600315,2009,14.25674735
1,Boreogadus_saida-18_600319,2009,3.256116464
1,Clupea_pallasii_pallasii-18_601520,2009,9.972686583
1,Coregonus_autumnalis-18_602669,2009,14.42070644
1,Coregonus_nasus-18_602674,2009,49.36039386
1,Coregonus_pidschian-18_602676,2009,0.01166157
1,Coregonus_sardinella-18_602678,2009,12.01454442
1,Salvelinus_malma_malma-18_602691,2009,80.66130089
1,Stenodus_leucichthys-18_602692,2009,192.9441839
1,Myoxocephalus_quadricornis-18_604122,2009,0.905009749
1,Platichthys_stellatus-18_604249,2009,3.80E-07
1,Coregonus_laurettae-18_646941,2009,4.497809572
1,Marine_fishes_not_identified-18_100039,2010,6.086911759
1,Osmeridae-18_400080,2010,10.74183498
1,Oncorhynchus-18_502724,2010,0.2370319
1,Coregonus-18_506253,2010,130.6689126
1,Oncorhynchus_gorbuscha-18_600240,2010,10.36251257
1,Eleginus_gracilis-18_600315,2010,14.25674735
1,Boreogadus_saida-18_600319,2010,3.256116464
1,Clupea_pallasii_pallasii-18_601520,2010,9.972686583
1,Coregonus_autumnalis-18_602669,2010,14.42070644
1,Coregonus_nasus-18_602674,2010,49.36039386
1,Coregonus_pidschian-18_602676,2010,0.01166157
1,Coregonus_sardinella-18_602678,2010,12.01454442
1,Salvelinus_malma_malma-18_602691,2010,80.66130089
1,Stenodus_leucichthys-18_602692,2010,192.9441839
1,Myoxocephalus_quadricornis-18_604122,2010,0.905009749
1,Platichthys_stellatus-18_604249,2010,3.80E-07
1,Coregonus_laurettae-18_646941,2010,4.497809572
2,Gadidae-18_400183,2001,3.208920333
2,Cottidae-18_400277,2001,0.064220016
2,Coregonus-18_506253,2001,0.370239116
2,Salmo_salar-18_600236,2001,1.344251806
2,Salvelinus_alpinus_alpinus-18_600247,2001,89.94951525
2,Eleginus_gracilis-18_600315,2001,0.015714054
2,Boreogadus_saida-18_600319,2001,0.020331918
2,Clupea_pallasii_pallasii-18_601520,2001,0.229368698
2,Coregonus_autumnalis-18_602669,2001,0.054577323
2,Coregonus_nasus-18_602674,2001,7.468958802
2,Coregonus_sardinella-18_602678,2001,0.000382343
2,Salvelinus_malma_malma-18_602691,2001,0.108976178
2,Stenodus_leucichthys-18_602692,2001,2.547015973
2,Myoxocephalus_quadricornis-18_604122,2001,0.000779993
2,Platichthys_stellatus-18_604249,2001,0.001873345
2,Gadidae-21_400183,2001,0.209129744
2,Cottidae-21_400277,2001,156.319539
2,Salmo_salar-21_600236,2001,151.189334
2,Salvelinus_alpinus_alpinus-21_600247,2001,49.05808799
2,Reinhardtius_hippoglossoides-21_600516,2001,712.4303142
2,Gadidae-18_400183,2002,3.208920333
2,Cottidae-18_400277,2002,0.064220016
2,Coregonus-18_506253,2002,0.370239116
2,Salmo_salar-18_600236,2002,1.344251806
2,Salvelinus_alpinus_alpinus-18_600247,2002,89.94951525
2,Eleginus_gracilis-18_600315,2002,0.015714054
2,Boreogadus_saida-18_600319,2002,0.020331918
2,Clupea_pallasii_pallasii-18_601520,2002,0.229368698
2,Coregonus_autumnalis-18_602669,2002,0.054577323
2,Coregonus_nasus-18_602674,2002,7.468958802
2,Coregonus_sardinella-18_602678,2002,0.000382343
2,Salvelinus_malma_malma-18_602691,2002,0.108976178
2,Stenodus_leucichthys-18_602692,2002,2.547015973
2,Myoxocephalus_quadricornis-18_604122,2002,0.000779993
2,Platichthys_stellatus-18_604249,2002,0.001873345
2,Gadidae-21_400183,2002,0.209129744
2,Cottidae-21_400277,2002,156.319539
2,Salmo_salar-21_600236,2002,151.189334
2,Salvelinus_alpinus_alpinus-21_600247,2002,49.05808799
2,Reinhardtius_hippoglossoides-21_600516,2002,712.4303142
2,Gadidae-18_400183,2003,3.208920333
2,Cottidae-18_400277,2003,0.064220016
2,Coregonus-18_506253,2003,0.370239116
2,Salmo_salar-18_600236,2003,1.344251806
2,Salvelinus_alpinus_alpinus-18_600247,2003,89.94951525
2,Eleginus_gracilis-18_600315,2003,0.015714054
2,Boreogadus_saida-18_600319,2003,0.020331918
2,Clupea_pallasii_pallasii-18_601520,2003,0.229368698
2,Coregonus_autumnalis-18_602669,2003,0.054577323
2,Coregonus_nasus-18_602674,2003,7.468958802
2,Coregonus_sardinella-18_602678,2003,0.000382343
2,Salvelinus_malma_malma-18_602691,2003,0.108976178
2,Stenodus_leucichthys-18_602692,2003,2.547015973
2,Myoxocephalus_quadricornis-18_604122,2003,0.000779993
2,Platichthys_stellatus-18_604249,2003,0.001873345
2,Gadidae-21_400183,2003,0.209129744
2,Cottidae-21_400277,2003,156.319539
2,Salmo_salar-21_600236,2003,151.189334
2,Salvelinus_alpinus_alpinus-21_600247,2003,49.05808799
2,Reinhardtius_hippoglossoides-21_600516,2003,712.4303142
2,Gadidae-18_400183,2004,3.208920333
2,Cottidae-18_400277,2004,0.064220016
2,Coregonus-18_506253,2004,0.370239116
2,Salmo_salar-18_600236,2004,1.344251806
2,Salvelinus_alpinus_alpinus-18_600247,2004,89.94951525
2,Eleginus_gracilis-18_600315,2004,0.015714054
2,Boreogadus_saida-18_600319,2004,0.020331918
2,Clupea_pallasii_pallasii-18_601520,2004,0.229368698
2,Coregonus_autumnalis-18_602669,2004,0.054577323
2,Coregonus_nasus-18_602674,2004,7.468958802
2,Coregonus_sardinella-18_602678,2004,0.000382343
2,Salvelinus_malma_malma-18_602691,2004,0.108976178
2,Stenodus_leucichthys-18_602692,2004,2.547015973
2,Myoxocephalus_quadricornis-18_604122,2004,0.000779993
2,Platichthys_stellatus-18_604249,2004,0.001873345
2,Gadidae-21_400183,2004,0.209129744
2,Cottidae-21_400277,2004,156.319539
2,Salmo_salar-21_600236,2004,151.189334
2,Salvelinus_alpinus_alpinus-21_600247,2004,49.05808799
2,Reinhardtius_hippoglossoides-21_600516,2004,712.4303142
2,Gadidae-18_400183,2005,3.208920333
2,Cottidae-18_400277,2005,0.064220016
2,Coregonus-18_506253,2005,0.370239116
2,Salmo_salar-18_600236,2005,1.344251806
2,Salvelinus_alpinus_alpinus-18_600247,2005,89.94951525
2,Eleginus_gracilis-18_600315,2005,0.015714054
2,Boreogadus_saida-18_600319,2005,0.020331918
2,Clupea_pallasii_pallasii-18_601520,2005,0.229368698
2,Coregonus_autumnalis-18_602669,2005,0.054577323
2,Coregonus_nasus-18_602674,2005,7.468958802
2,Coregonus_sardinella-18_602678,2005,0.000382343
2,Salvelinus_malma_malma-18_602691,2005,0.108976178
2,Stenodus_leucichthys-18_602692,2005,2.547015973
2,Myoxocephalus_quadricornis-18_604122,2005,0.000779993
2,Platichthys_stellatus-18_604249,2005,0.001873345
2,Gadidae-21_400183,2005,0.209129744
2,Cottidae-21_400277,2005,156.319539
2,Salmo_salar-21_600236,2005,151.189334
2,Salvelinus_alpinus_alpinus-21_600247,2005,49.05808799
2,Reinhardtius_hippoglossoides-21_600516,2005,712.4303142
2,Gadidae-18_400183,2006,3.208920333
2,Cottidae-18_400277,2006,0.064220016
2,Coregonus-18_506253,2006,0.370239116
2,Salmo_salar-18_600236,2006,1.344251806
2,Salvelinus_alpinus_alpinus-18_600247,2006,89.94951525
2,Eleginus_gracilis-18_600315,2006,0.015714054
2,Boreogadus_saida-18_600319,2006,0.020331918
2,Clupea_pallasii_pallasii-18_601520,2006,0.229368698
2,Coregonus_autumnalis-18_602669,2006,0.054577323
2,Coregonus_nasus-18_602674,2006,7.468958802
2,Coregonus_sardinella-18_602678,2006,0.000382343
2,Salvelinus_malma_malma-18_602691,2006,0.108976178
2,Stenodus_leucichthys-18_602692,2006,2.547015973
2,Myoxocephalus_quadricornis-18_604122,2006,0.000779993
2,Platichthys_stellatus-18_604249,2006,0.001873345
2,Gadidae-21_400183,2006,0.209129744
2,Cottidae-21_400277,2006,156.319539
2,Salmo_salar-21_600236,2006,151.189334
2,Salvelinus_alpinus_alpinus-21_600247,2006,49.05808799
2,Reinhardtius_hippoglossoides-21_600516,2006,712.4303142
2,Gadidae-18_400183,2007,3.208920333
2,Cottidae-18_400277,2007,0.064220016
2,Coregonus-18_506253,2007,0.370239116
2,Salmo_salar-18_600236,2007,1.344251806
2,Salvelinus_alpinus_alpinus-18_600247,2007,89.94951525
2,Eleginus_gracilis-18_600315,2007,0.015714054
2,Boreogadus_saida-18_600319,2007,0.020331918
2,Clupea_pallasii_pallasii-18_601520,2007,0.229368698
2,Coregonus_autumnalis-18_602669,2007,0.054577323
2,Coregonus_nasus-18_602674,2007,7.468958802
2,Coregonus_sardinella-18_602678,2007,0.000382343
2,Salvelinus_malma_malma-18_602691,2007,0.108976178
2,Stenodus_leucichthys-18_602692,2007,2.547015973
2,Myoxocephalus_quadricornis-18_604122,2007,0.000779993
2,Platichthys_stellatus-18_604249,2007,0.001873345
2,Gadidae-21_400183,2007,0.209129744
2,Cottidae-21_400277,2007,156.319539
2,Salmo_salar-21_600236,2007,151.189334
2,Salvelinus_alpinus_alpinus-21_600247,2007,49.05808799
2,Reinhardtius_hippoglossoides-21_600516,2007,712.4303142
2,Gadidae-18_400183,2008,3.208920333
2,Cottidae-18_400277,2008,0.064220016
2,Coregonus-18_506253,2008,0.370239116
2,Salmo_salar-18_600236,2008,1.344251806
2,Salvelinus_alpinus_alpinus-18_600247,2008,89.94951525
2,Eleginus_gracilis-18_600315,2008,0.015714054
2,Boreogadus_saida-18_600319,2008,0.020331918
2,Clupea_pallasii_pallasii-18_601520,2008,0.229368698
2,Coregonus_autumnalis-18_602669,2008,0.054577323
2,Coregonus_nasus-18_602674,2008,7.468958802
2,Coregonus_sardinella-18_602678,2008,0.000382343
2,Salvelinus_malma_malma-18_602691,2008,0.108976178
2,Stenodus_leucichthys-18_602692,2008,2.547015973
2,Myoxocephalus_quadricornis-18_604122,2008,0.000779993
2,Platichthys_stellatus-18_604249,2008,0.001873345
2,Gadidae-21_400183,2008,0.209129744
2,Cottidae-21_400277,2008,156.319539
2,Salmo_salar-21_600236,2008,151.189334
2,Salvelinus_alpinus_alpinus-21_600247,2008,49.05808799
2,Reinhardtius_hippoglossoides-21_600516,2008,712.4303142
2,Gadidae-18_400183,2009,3.208920333
2,Cottidae-18_400277,2009,0.064220016
2,Coregonus-18_506253,2009,0.370239116
2,Salmo_salar-18_600236,2009,1.344251806
2,Salvelinus_alpinus_alpinus-18_600247,2009,89.94951525
2,Eleginus_gracilis-18_600315,2009,0.015714054
2,Boreogadus_saida-18_600319,2009,0.020331918
2,Clupea_pallasii_pallasii-18_601520,2009,0.229368698
2,Coregonus_autumnalis-18_602669,2009,0.054577323
2,Coregonus_nasus-18_602674,2009,7.468958802
2,Coregonus_sardinella-18_602678,2009,0.000382343
2,Salvelinus_malma_malma-18_602691,2009,0.108976178
2,Stenodus_leucichthys-18_602692,2009,2.547015973
2,Myoxocephalus_quadricornis-18_604122,2009,0.000779993
2,Platichthys_stellatus-18_604249,2009,0.001873345
2,Gadidae-21_400183,2009,0.209129744
2,Cottidae-21_400277,2009,156.319539
2,Salmo_salar-21_600236,2009,151.189334
2,Salvelinus_alpinus_alpinus-21_600247,2009,49.05808799
2,Reinhardtius_hippoglossoides-21_600516,2009,712.4303142
2,Gadidae-18_400183,2010,3.208920333
2,Cottidae-18_400277,2010,0.064220016
2,Coregonus-18_506253,2010,0.370239116
2,Salmo_salar-18_600236,2010,1.344251806
2,Salvelinus_alpinus_alpinus-18_600247,2010,89.94951525
2,Eleginus_gracilis-18_600315,2010,0.015714054
2,Boreogadus_saida-18_600319,2010,0.020331918
2,Clupea_pallasii_pallasii-18_601520,2010,0.229368698
2,Coregonus_autumnalis-18_602669,2010,0.054577323
2,Coregonus_nasus-18_602674,2010,7.468958802
2,Coregonus_sardinella-18_602678,2010,0.000382343
2,Salvelinus_malma_malma-18_602691,2010,0.108976178
2,Stenodus_leucichthys-18_602692,2010,2.547015973
2,Myoxocephalus_quadricornis-18_604122,2010,0.000779993
2,Platichthys_stellatus-18_604249,2010,0.001873345
2,Gadidae-21_400183,2010,0.209129744
2,Cottidae-21_400277,2010,156.319539
2,Salmo_salar-21_600236,2010,151.189334
2,Salvelinus_alpinus_alpinus-21_600247,2010,49.05808799
2,Reinhardtius_hippoglossoides-21_600516,2010,712.4303142
3,Gadidae-18_400183,2001,1.710770628
3,Cottidae-18_400277,2001,0.0122646
3,Coregonus-18_506253,2001,0.22102809
3,Salvelinus_alpinus_alpinus-18_600247,2001,85.40460715
3,Eleginus_gracilis-18_600315,2001,0.042521042
3,Boreogadus_saida-18_600319,2001,0.010184787
3,Clupea_pallasii_pallasii-18_601520,2001,1.935820778
3,Coregonus_autumnalis-18_602669,2001,0.020451776
3,Coregonus_nasus-18_602674,2001,12.61216733
3,Coregonus_sardinella-18_602678,2001,0.001233891
3,Salvelinus_malma_malma-18_602691,2001,0.02942289
3,Stenodus_leucichthys-18_602692,2001,1.881170832
3,Myoxocephalus_quadricornis-18_604122,2001,0.000688512
3,Platichthys_stellatus-18_604249,2001,0.000119965
3,Gadidae-18_400183,2002,1.710770628
3,Cottidae-18_400277,2002,0.0122646
3,Coregonus-18_506253,2002,0.22102809
3,Salvelinus_alpinus_alpinus-18_600247,2002,85.40460715
3,Eleginus_gracilis-18_600315,2002,0.042521042
3,Boreogadus_saida-18_600319,2002,0.010184787
3,Clupea_pallasii_pallasii-18_601520,2002,1.935820778
3,Coregonus_autumnalis-18_602669,2002,0.020451776
3,Coregonus_nasus-18_602674,2002,12.61216733
3,Coregonus_sardinella-18_602678,2002,0.001233891
3,Salvelinus_malma_malma-18_602691,2002,0.02942289
3,Stenodus_leucichthys-18_602692,2002,1.881170832
3,Myoxocephalus_quadricornis-18_604122,2002,0.000688512
3,Platichthys_stellatus-18_604249,2002,0.000119965
3,Gadidae-18_400183,2003,1.710770628
3,Cottidae-18_400277,2003,0.0122646
3,Coregonus-18_506253,2003,0.22102809
3,Salvelinus_alpinus_alpinus-18_600247,2003,85.40460715
3,Eleginus_gracilis-18_600315,2003,0.042521042
3,Boreogadus_saida-18_600319,2003,0.010184787
3,Clupea_pallasii_pallasii-18_601520,2003,1.935820778
3,Coregonus_autumnalis-18_602669,2003,0.020451776
3,Coregonus_nasus-18_602674,2003,12.61216733
3,Coregonus_sardinella-18_602678,2003,0.001233891
3,Salvelinus_malma_malma-18_602691,2003,0.02942289
3,Stenodus_leucichthys-18_602692,2003,1.881170832
3,Myoxocephalus_quadricornis-18_604122,2003,0.000688512
3,Platichthys_stellatus-18_604249,2003,0.000119965
3,Gadidae-18_400183,2004,1.710770628
3,Cottidae-18_400277,2004,0.0122646
3,Coregonus-18_506253,2004,0.22102809
3,Salvelinus_alpinus_alpinus-18_600247,2004,85.40460715
3,Eleginus_gracilis-18_600315,2004,0.042521042
3,Boreogadus_saida-18_600319,2004,0.010184787
3,Clupea_pallasii_pallasii-18_601520,2004,1.935820778
3,Coregonus_autumnalis-18_602669,2004,0.020451776
3,Coregonus_nasus-18_602674,2004,12.61216733
3,Coregonus_sardinella-18_602678,2004,0.001233891
3,Salvelinus_malma_malma-18_602691,2004,0.02942289
3,Stenodus_leucichthys-18_602692,2004,1.881170832
3,Myoxocephalus_quadricornis-18_604122,2004,0.000688512
3,Platichthys_stellatus-18_604249,2004,0.000119965
3,Gadidae-18_400183,2005,1.710770628
3,Cottidae-18_400277,2005,0.0122646
3,Coregonus-18_506253,2005,0.22102809
3,Salvelinus_alpinus_alpinus-18_600247,2005,85.40460715
3,Eleginus_gracilis-18_600315,2005,0.042521042
3,Boreogadus_saida-18_600319,2005,0.010184787
3,Clupea_pallasii_pallasii-18_601520,2005,1.935820778
3,Coregonus_autumnalis-18_602669,2005,0.020451776
3,Coregonus_nasus-18_602674,2005,12.61216733
3,Coregonus_sardinella-18_602678,2005,0.001233891
3,Salvelinus_malma_malma-18_602691,2005,0.02942289
3,Stenodus_leucichthys-18_602692,2005,1.881170832
3,Myoxocephalus_quadricornis-18_604122,2005,0.000688512
3,Platichthys_stellatus-18_604249,2005,0.000119965
3,Gadidae-18_400183,2006,1.710770628
3,Cottidae-18_400277,2006,0.0122646
3,Coregonus-18_506253,2006,0.22102809
3,Salvelinus_alpinus_alpinus-18_600247,2006,85.40460715
3,Eleginus_gracilis-18_600315,2006,0.042521042
3,Boreogadus_saida-18_600319,2006,0.010184787
3,Clupea_pallasii_pallasii-18_601520,2006,1.935820778
3,Coregonus_autumnalis-18_602669,2006,0.020451776
3,Coregonus_nasus-18_602674,2006,12.61216733
3,Coregonus_sardinella-18_602678,2006,0.001233891
3,Salvelinus_malma_malma-18_602691,2006,0.02942289
3,Stenodus_leucichthys-18_602692,2006,1.881170832
3,Myoxocephalus_quadricornis-18_604122,2006,0.000688512
3,Platichthys_stellatus-18_604249,2006,0.000119965
3,Gadidae-18_400183,2007,1.710770628
3,Cottidae-18_400277,2007,0.0122646
3,Coregonus-18_506253,2007,0.22102809
3,Salvelinus_alpinus_alpinus-18_600247,2007,85.40460715
3,Eleginus_gracilis-18_600315,2007,0.042521042
3,Boreogadus_saida-18_600319,2007,0.010184787
3,Clupea_pallasii_pallasii-18_601520,2007,1.935820778
3,Coregonus_autumnalis-18_602669,2007,0.020451776
3,Coregonus_nasus-18_602674,2007,12.61216733
3,Coregonus_sardinella-18_602678,2007,0.001233891
3,Salvelinus_malma_malma-18_602691,2007,0.02942289
3,Stenodus_leucichthys-18_602692,2007,1.881170832
3,Myoxocephalus_quadricornis-18_604122,2007,0.000688512
3,Platichthys_stellatus-18_604249,2007,0.000119965
3,Gadidae-18_400183,2008,1.710770628
3,Cottidae-18_400277,2008,0.0122646
3,Coregonus-18_506253,2008,0.22102809
3,Salvelinus_alpinus_alpinus-18_600247,2008,85.40460715
3,Eleginus_gracilis-18_600315,2008,0.042521042
3,Boreogadus_saida-18_600319,2008,0.010184787
3,Clupea_pallasii_pallasii-18_601520,2008,1.935820778
3,Coregonus_autumnalis-18_602669,2008,0.020451776
3,Coregonus_nasus-18_602674,2008,12.61216733
3,Coregonus_sardinella-18_602678,2008,0.001233891
3,Salvelinus_malma_malma-18_602691,2008,0.02942289
3,Stenodus_leucichthys-18_602692,2008,1.881170832
3,Myoxocephalus_quadricornis-18_604122,2008,0.000688512
3,Platichthys_stellatus-18_604249,2008,0.000119965
3,Gadidae-18_400183,2009,1.710770628
3,Cottidae-18_400277,2009,0.0122646
3,Coregonus-18_506253,2009,0.22102809
3,Salvelinus_alpinus_alpinus-18_600247,2009,85.40460715
3,Eleginus_gracilis-18_600315,2009,0.042521042
3,Boreogadus_saida-18_600319,2009,0.010184787
3,Clupea_pallasii_pallasii-18_601520,2009,1.935820778
3,Coregonus_autumnalis-18_602669,2009,0.020451776
3,Coregonus_nasus-18_602674,2009,12.61216733
3,Coregonus_sardinella-18_602678,2009,0.001233891
3,Salvelinus_malma_malma-18_602691,2009,0.02942289
3,Stenodus_leucichthys-18_602692,2009,1.881170832
3,Myoxocephalus_quadricornis-18_604122,2009,0.000688512
3,Platichthys_stellatus-18_604249,2009,0.000119965
3,Gadidae-18_400183,2010,1.710770628
3,Cottidae-18_400277,2010,0.0122646
3,Coregonus-18_506253,2010,0.22102809
3,Salvelinus_alpinus_alpinus-18_600247,2010,85.40460715
3,Eleginus_gracilis-18_600315,2010,0.042521042
3,Boreogadus_saida-18_600319,2010,0.010184787
3,Clupea_pallasii_pallasii-18_601520,2010,1.935820778
3,Coregonus_autumnalis-18_602669,2010,0.020451776
3,Coregonus_nasus-18_602674,2010,12.61216733
3,Coregonus_sardinella-18_602678,2010,0.001233891
3,Salvelinus_malma_malma-18_602691,2010,0.02942289
3,Stenodus_leucichthys-18_602692,2010,1.881170832
3,Myoxocephalus_quadricornis-18_604122,2010,0.000688512
3,Platichthys_stellatus-18_604249,2010,0.000119965
4,Marine_fishes_not_identified-18_100039,2001,909.7825063
4,Pleuronectiformes-18_300061,2001,0.043548262
4,Clupea_harengus-18_600024,2001,0.311362983
4,Gadus_morhua-18_600069,2001,0.192632262
4,Eleginus_nawaga-18_600314,2001,0.020886944
4,Boreogadus_saida-18_600319,2001,0.902500394
4,Melanogrammus_aeglefinus-18_601381,2001,1.18491041
4,Coregonus_autumnalis-18_602669,2001,1066.88785
4,Coregonus_nasus-18_602674,2001,810.9571647
4,Coregonus_sardinella-18_602678,2001,3314.167268
4,Coregonus_muksun-18_612547,2001,1042.139968
4,Marine_fishes_not_identified-21_100039,2001,48.53532398
4,Pleuronectiformes-21_300061,2001,0.979207462
4,Salmo_salar-21_600236,2001,0.238266516
4,Anarhichas_lupus-21_602501,2001,0.036745354
4,Marine_fishes_not_identified-27_100039,2001,94183.17487
4,Pleuronectiformes-27_300061,2001,65.00385368
4,Clupea_harengus-27_600024,2001,15312.17924
4,Pollachius_pollachius-27_600034,2001,1.043566188
4,Gadus_morhua-27_600069,2001,88728.26716
4,Salmo_salar-27_600236,2001,49.01934467
4,Eleginus_nawaga-27_600314,2001,137.1550578
4,Boreogadus_saida-27_600319,2001,1737.45593
4,Pollachius_virens-27_601343,2001,1480.32091
4,Melanogrammus_aeglefinus-27_601381,2001,7267.796421
4,Anarhichas_lupus-27_602501,2001,750.173414
4,Coregonus_autumnalis-27_602669,2001,0.433508529
4,Coregonus_nasus-27_602674,2001,0.696146471
4,Coregonus_sardinella-27_602678,2001,0.08161816
4,Coregonus_muksun-27_612547,2001,1.72760205
4,Marine_fishes_not_identified-18_100039,2002,909.7825063
4,Pleuronectiformes-18_300061,2002,0.043548262
4,Clupea_harengus-18_600024,2002,0.311362983
4,Gadus_morhua-18_600069,2002,0.192632262
4,Eleginus_nawaga-18_600314,2002,0.020886944
4,Boreogadus_saida-18_600319,2002,0.902500394
4,Melanogrammus_aeglefinus-18_601381,2002,1.18491041
4,Coregonus_autumnalis-18_602669,2002,1066.88785
4,Coregonus_nasus-18_602674,2002,810.9571647
4,Coregonus_sardinella-18_602678,2002,3314.167268
4,Coregonus_muksun-18_612547,2002,1042.139968
4,Marine_fishes_not_identified-21_100039,2002,48.53532398
4,Pleuronectiformes-21_300061,2002,0.979207462
4,Salmo_salar-21_600236,2002,0.238266516
4,Anarhichas_lupus-21_602501,2002,0.036745354
4,Marine_fishes_not_identified-27_100039,2002,94183.17487
4,Pleuronectiformes-27_300061,2002,65.00385368
4,Clupea_harengus-27_600024,2002,15312.17924
4,Pollachius_pollachius-27_600034,2002,1.043566188
4,Gadus_morhua-27_600069,2002,88728.26716
4,Salmo_salar-27_600236,2002,49.01934467
4,Eleginus_nawaga-27_600314,2002,137.1550578
4,Boreogadus_saida-27_600319,2002,1737.45593
4,Pollachius_virens-27_601343,2002,1480.32091
4,Melanogrammus_aeglefinus-27_601381,2002,7267.796421
4,Anarhichas_lupus-27_602501,2002,750.173414
4,Coregonus_autumnalis-27_602669,2002,0.433508529
4,Coregonus_nasus-27_602674,2002,0.696146471
4,Coregonus_sardinella-27_602678,2002,0.08161816
4,Coregonus_muksun-27_612547,2002,1.72760205
4,Marine_fishes_not_identified-18_100039,2003,909.7825063
4,Pleuronectiformes-18_300061,2003,0.043548262
4,Clupea_harengus-18_600024,2003,0.311362983
4,Gadus_morhua-18_600069,2003,0.192632262
4,Eleginus_nawaga-18_600314,2003,0.020886944
4,Boreogadus_saida-18_600319,2003,0.902500394
4,Melanogrammus_aeglefinus-18_601381,2003,1.18491041
4,Coregonus_autumnalis-18_602669,2003,1066.88785
4,Coregonus_nasus-18_602674,2003,810.9571647
4,Coregonus_sardinella-18_602678,2003,3314.167268
4,Coregonus_muksun-18_612547,2003,1042.139968
4,Marine_fishes_not_identified-21_100039,2003,48.53532398
4,Pleuronectiformes-21_300061,2003,0.979207462
4,Salmo_salar-21_600236,2003,0.238266516
4,Anarhichas_lupus-21_602501,2003,0.036745354
4,Marine_fishes_not_identified-27_100039,2003,94183.17487
4,Pleuronectiformes-27_300061,2003,65.00385368
4,Clupea_harengus-27_600024,2003,15312.17924
4,Pollachius_pollachius-27_600034,2003,1.043566188
4,Gadus_morhua-27_600069,2003,88728.26716
4,Salmo_salar-27_600236,2003,49.01934467
4,Eleginus_nawaga-27_600314,2003,137.1550578
4,Boreogadus_saida-27_600319,2003,1737.45593
4,Pollachius_virens-27_601343,2003,1480.32091
4,Melanogrammus_aeglefinus-27_601381,2003,7267.796421
4,Anarhichas_lupus-27_602501,2003,750.173414
4,Coregonus_autumnalis-27_602669,2003,0.433508529
4,Coregonus_nasus-27_602674,2003,0.696146471
4,Coregonus_sardinella-27_602678,2003,0.08161816
4,Coregonus_muksun-27_612547,2003,1.72760205
4,Marine_fishes_not_identified-18_100039,2004,909.7825063
4,Pleuronectiformes-18_300061,2004,0.043548262
4,Clupea_harengus-18_600024,2004,0.311362983
4,Gadus_morhua-18_600069,2004,0.192632262
4,Eleginus_nawaga-18_600314,2004,0.020886944
4,Boreogadus_saida-18_600319,2004,0.902500394
4,Melanogrammus_aeglefinus-18_601381,2004,1.18491041
4,Coregonus_autumnalis-18_602669,2004,1066.88785
4,Coregonus_nasus-18_602674,2004,810.9571647
4,Coregonus_sardinella-18_602678,2004,3314.167268
4,Coregonus_muksun-18_612547,2004,1042.139968
4,Marine_fishes_not_identified-21_100039,2004,48.53532398
4,Pleuronectiformes-21_300061,2004,0.979207462
4,Salmo_salar-21_600236,2004,0.238266516
4,Anarhichas_lupus-21_602501,2004,0.036745354
4,Marine_fishes_not_identified-27_100039,2004,94183.17487
4,Pleuronectiformes-27_300061,2004,65.00385368
4,Clupea_harengus-27_600024,2004,15312.17924
4,Pollachius_pollachius-27_600034,2004,1.043566188
4,Gadus_morhua-27_600069,2004,88728.26716
4,Salmo_salar-27_600236,2004,49.01934467
4,Eleginus_nawaga-27_600314,2004,137.1550578
4,Boreogadus_saida-27_600319,2004,1737.45593
4,Pollachius_virens-27_601343,2004,1480.32091
4,Melanogrammus_aeglefinus-27_601381,2004,7267.796421
4,Anarhichas_lupus-27_602501,2004,750.173414
4,Coregonus_autumnalis-27_602669,2004,0.433508529
4,Coregonus_nasus-27_602674,2004,0.696146471
4,Coregonus_sardinella-27_602678,2004,0.08161816
4,Coregonus_muksun-27_612547,2004,1.72760205
4,Marine_fishes_not_identified-18_100039,2005,909.7825063
4,Pleuronectiformes-18_300061,2005,0.043548262
4,Clupea_harengus-18_600024,2005,0.311362983
4,Gadus_morhua-18_600069,2005,0.192632262
4,Eleginus_nawaga-18_600314,2005,0.020886944
4,Boreogadus_saida-18_600319,2005,0.902500394
4,Melanogrammus_aeglefinus-18_601381,2005,1.18491041
4,Coregonus_autumnalis-18_602669,2005,1066.88785
4,Coregonus_nasus-18_602674,2005,810.9571647
4,Coregonus_sardinella-18_602678,2005,3314.167268
4,Coregonus_muksun-18_612547,2005,1042.139968
4,Marine_fishes_not_identified-21_100039,2005,48.53532398
4,Pleuronectiformes-21_300061,2005,0.979207462
4,Salmo_salar-21_600236,2005,0.238266516
4,Anarhichas_lupus-21_602501,2005,0.036745354
4,Marine_fishes_not_identified-27_100039,2005,94183.17487
4,Pleuronectiformes-27_300061,2005,65.00385368
4,Clupea_harengus-27_600024,2005,15312.17924
4,Pollachius_pollachius-27_600034,2005,1.043566188
4,Gadus_morhua-27_600069,2005,88728.26716
4,Salmo_salar-27_600236,2005,49.01934467
4,Eleginus_nawaga-27_600314,2005,137.1550578
4,Boreogadus_saida-27_600319,2005,1737.45593
4,Pollachius_virens-27_601343,2005,1480.32091
4,Melanogrammus_aeglefinus-27_601381,2005,7267.796421
4,Anarhichas_lupus-27_602501,2005,750.173414
4,Coregonus_autumnalis-27_602669,2005,0.433508529
4,Coregonus_nasus-27_602674,2005,0.696146471
4,Coregonus_sardinella-27_602678,2005,0.08161816
4,Coregonus_muksun-27_612547,2005,1.72760205
4,Marine_fishes_not_identified-18_100039,2006,909.7825063
4,Pleuronectiformes-18_300061,2006,0.043548262
4,Clupea_harengus-18_600024,2006,0.311362983
4,Gadus_morhua-18_600069,2006,0.192632262
4,Eleginus_nawaga-18_600314,2006,0.020886944
4,Boreogadus_saida-18_600319,2006,0.902500394
4,Melanogrammus_aeglefinus-18_601381,2006,1.18491041
4,Coregonus_autumnalis-18_602669,2006,1066.88785
4,Coregonus_nasus-18_602674,2006,810.9571647
4,Coregonus_sardinella-18_602678,2006,3314.167268
4,Coregonus_muksun-18_612547,2006,1042.139968
4,Marine_fishes_not_identified-21_100039,2006,48.53532398
4,Pleuronectiformes-21_300061,2006,0.979207462
4,Salmo_salar-21_600236,2006,0.238266516
4,Anarhichas_lupus-21_602501,2006,0.036745354
4,Marine_fishes_not_identified-27_100039,2006,94183.17487
4,Pleuronectiformes-27_300061,2006,65.00385368
4,Clupea_harengus-27_600024,2006,15312.17924
4,Pollachius_pollachius-27_600034,2006,1.043566188
4,Gadus_morhua-27_600069,2006,88728.26716
4,Salmo_salar-27_600236,2006,49.01934467
4,Eleginus_nawaga-27_600314,2006,137.1550578
4,Boreogadus_saida-27_600319,2006,1737.45593
4,Pollachius_virens-27_601343,2006,1480.32091
4,Melanogrammus_aeglefinus-27_601381,2006,7267.796421
4,Anarhichas_lupus-27_602501,2006,750.173414
4,Coregonus_autumnalis-27_602669,2006,0.433508529
4,Coregonus_nasus-27_602674,2006,0.696146471
4,Coregonus_sardinella-27_602678,2006,0.08161816
4,Coregonus_muksun-27_612547,2006,1.72760205
4,Marine_fishes_not_identified-18_100039,2007,909.7825063
4,Pleuronectiformes-18_300061,2007,0.043548262
4,Clupea_harengus-18_600024,2007,0.311362983
4,Gadus_morhua-18_600069,2007,0.192632262
4,Eleginus_nawaga-18_600314,2007,0.020886944
4,Boreogadus_saida-18_600319,2007,0.902500394
4,Melanogrammus_aeglefinus-18_601381,2007,1.18491041
4,Coregonus_autumnalis-18_602669,2007,1066.88785
4,Coregonus_nasus-18_602674,2007,810.9571647
4,Coregonus_sardinella-18_602678,2007,3314.167268
4,Coregonus_muksun-18_612547,2007,1042.139968
4,Marine_fishes_not_identified-21_100039,2007,48.53532398
4,Pleuronectiformes-21_300061,2007,0.979207462
4,Salmo_salar-21_600236,2007,0.238266516
4,Anarhichas_lupus-21_602501,2007,0.036745354
4,Marine_fishes_not_identified-27_100039,2007,94183.17487
4,Pleuronectiformes-27_300061,2007,65.00385368
4,Clupea_harengus-27_600024,2007,15312.17924
4,Pollachius_pollachius-27_600034,2007,1.043566188
4,Gadus_morhua-27_600069,2007,88728.26716
4,Salmo_salar-27_600236,2007,49.01934467
4,Eleginus_nawaga-27_600314,2007,137.1550578
4,Boreogadus_saida-27_600319,2007,1737.45593
4,Pollachius_virens-27_601343,2007,1480.32091
4,Melanogrammus_aeglefinus-27_601381,2007,7267.796421
4,Anarhichas_lupus-27_602501,2007,750.173414
4,Coregonus_autumnalis-27_602669,2007,0.433508529
4,Coregonus_nasus-27_602674,2007,0.696146471
4,Coregonus_sardinella-27_602678,2007,0.08161816
4,Coregonus_muksun-27_612547,2007,1.72760205
4,Marine_fishes_not_identified-18_100039,2008,909.7825063
4,Pleuronectiformes-18_300061,2008,0.043548262
4,Clupea_harengus-18_600024,2008,0.311362983
4,Gadus_morhua-18_600069,2008,0.192632262
4,Eleginus_nawaga-18_600314,2008,0.020886944
4,Boreogadus_saida-18_600319,2008,0.902500394
4,Melanogrammus_aeglefinus-18_601381,2008,1.18491041
4,Coregonus_autumnalis-18_602669,2008,1066.88785
4,Coregonus_nasus-18_602674,2008,810.9571647
4,Coregonus_sardinella-18_602678,2008,3314.167268
4,Coregonus_muksun-18_612547,2008,1042.139968
4,Marine_fishes_not_identified-21_100039,2008,48.53532398
4,Pleuronectiformes-21_300061,2008,0.979207462
4,Salmo_salar-21_600236,2008,0.238266516
4,Anarhichas_lupus-21_602501,2008,0.036745354
4,Marine_fishes_not_identified-27_100039,2008,94183.17487
4,Pleuronectiformes-27_300061,2008,65.00385368
4,Clupea_harengus-27_600024,2008,15312.17924
4,Pollachius_pollachius-27_600034,2008,1.043566188
4,Gadus_morhua-27_600069,2008,88728.26716
4,Salmo_salar-27_600236,2008,49.01934467
4,Eleginus_nawaga-27_600314,2008,137.1550578
4,Boreogadus_saida-27_600319,2008,1737.45593
4,Pollachius_virens-27_601343,2008,1480.32091
4,Melanogrammus_aeglefinus-27_601381,2008,7267.796421
4,Anarhichas_lupus-27_602501,2008,750.173414
4,Coregonus_autumnalis-27_602669,2008,0.433508529
4,Coregonus_nasus-27_602674,2008,0.696146471
4,Coregonus_sardinella-27_602678,2008,0.08161816
4,Coregonus_muksun-27_612547,2008,1.72760205
4,Marine_fishes_not_identified-18_100039,2009,909.7825063
4,Pleuronectiformes-18_300061,2009,0.043548262
4,Clupea_harengus-18_600024,2009,0.311362983
4,Gadus_morhua-18_600069,2009,0.192632262
4,Eleginus_nawaga-18_600314,2009,0.020886944
4,Boreogadus_saida-18_600319,2009,0.902500394
4,Melanogrammus_aeglefinus-18_601381,2009,1.18491041
4,Coregonus_autumnalis-18_602669,2009,1066.88785
4,Coregonus_nasus-18_602674,2009,810.9571647
4,Coregonus_sardinella-18_602678,2009,3314.167268
4,Coregonus_muksun-18_612547,2009,1042.139968
4,Marine_fishes_not_identified-21_100039,2009,48.53532398
4,Pleuronectiformes-21_300061,2009,0.979207462
4,Salmo_salar-21_600236,2009,0.238266516
4,Anarhichas_lupus-21_602501,2009,0.036745354
4,Marine_fishes_not_identified-27_100039,2009,94183.17487
4,Pleuronectiformes-27_300061,2009,65.00385368
4,Clupea_harengus-27_600024,2009,15312.17924
4,Pollachius_pollachius-27_600034,2009,1.043566188
4,Gadus_morhua-27_600069,2009,88728.26716
4,Salmo_salar-27_600236,2009,49.01934467
4,Eleginus_nawaga-27_600314,2009,137.1550578
4,Boreogadus_saida-27_600319,2009,1737.45593
4,Pollachius_virens-27_601343,2009,1480.32091
4,Melanogrammus_aeglefinus-27_601381,2009,7267.796421
4,Anarhichas_lupus-27_602501,2009,750.173414
4,Coregonus_autumnalis-27_602669,2009,0.433508529
4,Coregonus_nasus-27_602674,2009,0.696146471
4,Coregonus_sardinella-27_602678,2009,0.08161816
4,Coregonus_muksun-27_612547,2009,1.72760205
4,Marine_fishes_not_identified-18_100039,2010,909.7825063
4,Pleuronectiformes-18_300061,2010,0.043548262
4,Clupea_harengus-18_600024,2010,0.311362983
4,Gadus_morhua-18_600069,2010,0.192632262
4,Eleginus_nawaga-18_600314,2010,0.020886944
4,Boreogadus_saida-18_600319,2010,0.902500394
4,Melanogrammus_aeglefinus-18_601381,2010,1.18491041
4,Coregonus_autumnalis-18_602669,2010,1066.88785
4,Coregonus_nasus-18_602674,2010,810.9571647
4,Coregonus_sardinella-18_602678,2010,3314.167268
4,Coregonus_muksun-18_612547,2010,1042.139968
4,Marine_fishes_not_identified-21_100039,2010,48.53532398
4,Pleuronectiformes-21_300061,2010,0.979207462
4,Salmo_salar-21_600236,2010,0.238266516
4,Anarhichas_lupus-21_602501,2010,0.036745354
4,Marine_fishes_not_identified-27_100039,2010,94183.17487
4,Pleuronectiformes-27_300061,2010,65.00385368
4,Clupea_harengus-27_600024,2010,15312.17924
4,Pollachius_pollachius-27_600034,2010,1.043566188
4,Gadus_morhua-27_600069,2010,88728.26716
4,Salmo_salar-27_600236,2010,49.01934467
4,Eleginus_nawaga-27_600314,2010,137.1550578
4,Boreogadus_saida-27_600319,2010,1737.45593
4,Pollachius_virens-27_601343,2010,1480.32091
4,Melanogrammus_aeglefinus-27_601381,2010,7267.796421
4,Anarhichas_lupus-27_602501,2010,750.173414
4,Coregonus_autumnalis-27_602669,2010,0.433508529
4,Coregonus_nasus-27_602674,2010,0.696146471
4,Coregonus_sardinella-27_602678,2010,0.08161816
4,Coregonus_muksun-27_612547,2010,1.72760205
5,NA,NA,NA
6,Clupea_harengus-27_600024,2001,301524.8086
6,Molva_molva-27_600033,2001,5185.372
6,Brosme_brosme-27_600051,2001,11646.34064
6,Gadus_morhua-27_600069,2001,288054.1774
6,Lamna_nasus-27_600088,2001,7.76143387
6,Squalus_acanthias-27_600139,2001,695.9898186
6,Mallotus_villosus-27_600252,2001,285496.8136
6,Sebastes_norvegicus-27_600501,2001,8809.618268
6,Reinhardtius_hippoglossoides-27_600516,2001,8258.636709
6,Pollachius_virens-27_601343,2001,97751.00217
6,Melanogrammus_aeglefinus-27_601381,2001,76264.59051
6,Molva_dypterygia-27_601383,2001,23.28743772
6,Argentina_silus-27_602700,2001,235.1482146
6,Clupea_harengus-27_600024,2002,301524.8086
6,Molva_molva-27_600033,2002,5185.372
6,Brosme_brosme-27_600051,2002,11646.34064
6,Gadus_morhua-27_600069,2002,288054.1774
6,Lamna_nasus-27_600088,2002,7.76143387
6,Squalus_acanthias-27_600139,2002,695.9898186
6,Mallotus_villosus-27_600252,2002,285496.8136
6,Sebastes_norvegicus-27_600501,2002,8809.618268
6,Reinhardtius_hippoglossoides-27_600516,2002,8258.636709
6,Pollachius_virens-27_601343,2002,97751.00217
6,Melanogrammus_aeglefinus-27_601381,2002,76264.59051
6,Molva_dypterygia-27_601383,2002,23.28743772
6,Argentina_silus-27_602700,2002,235.1482146
6,Clupea_harengus-27_600024,2003,301524.8086
6,Molva_molva-27_600033,2003,5185.372
6,Brosme_brosme-27_600051,2003,11646.34064
6,Gadus_morhua-27_600069,2003,288054.1774
6,Lamna_nasus-27_600088,2003,7.76143387
6,Squalus_acanthias-27_600139,2003,695.9898186
6,Mallotus_villosus-27_600252,2003,285496.8136
6,Sebastes_norvegicus-27_600501,2003,8809.618268
6,Reinhardtius_hippoglossoides-27_600516,2003,8258.636709
6,Pollachius_virens-27_601343,2003,97751.00217
6,Melanogrammus_aeglefinus-27_601381,2003,76264.59051
6,Molva_dypterygia-27_601383,2003,23.28743772
6,Argentina_silus-27_602700,2003,235.1482146
6,Clupea_harengus-27_600024,2004,301524.8086
6,Molva_molva-27_600033,2004,5185.372
6,Brosme_brosme-27_600051,2004,11646.34064
6,Gadus_morhua-27_600069,2004,288054.1774
6,Lamna_nasus-27_600088,2004,7.76143387
6,Squalus_acanthias-27_600139,2004,695.9898186
6,Mallotus_villosus-27_600252,2004,285496.8136
6,Sebastes_norvegicus-27_600501,2004,8809.618268
6,Reinhardtius_hippoglossoides-27_600516,2004,8258.636709
6,Pollachius_virens-27_601343,2004,97751.00217
6,Melanogrammus_aeglefinus-27_601381,2004,76264.59051
6,Molva_dypterygia-27_601383,2004,23.28743772
6,Argentina_silus-27_602700,2004,235.1482146
6,Clupea_harengus-27_600024,2005,301524.8086
6,Molva_molva-27_600033,2005,5185.372
6,Brosme_brosme-27_600051,2005,11646.34064
6,Gadus_morhua-27_600069,2005,288054.1774
6,Lamna_nasus-27_600088,2005,7.76143387
6,Squalus_acanthias-27_600139,2005,695.9898186
6,Mallotus_villosus-27_600252,2005,285496.8136
6,Sebastes_norvegicus-27_600501,2005,8809.618268
6,Reinhardtius_hippoglossoides-27_600516,2005,8258.636709
6,Pollachius_virens-27_601343,2005,97751.00217
6,Melanogrammus_aeglefinus-27_601381,2005,76264.59051
6,Molva_dypterygia-27_601383,2005,23.28743772
6,Argentina_silus-27_602700,2005,235.1482146
6,Clupea_harengus-27_600024,2006,301524.8086
6,Molva_molva-27_600033,2006,5185.372
6,Brosme_brosme-27_600051,2006,11646.34064
6,Gadus_morhua-27_600069,2006,288054.1774
6,Lamna_nasus-27_600088,2006,7.76143387
6,Squalus_acanthias-27_600139,2006,695.9898186
6,Mallotus_villosus-27_600252,2006,285496.8136
6,Sebastes_norvegicus-27_600501,2006,8809.618268
6,Reinhardtius_hippoglossoides-27_600516,2006,8258.636709
6,Pollachius_virens-27_601343,2006,97751.00217
6,Melanogrammus_aeglefinus-27_601381,2006,76264.59051
6,Molva_dypterygia-27_601383,2006,23.28743772
6,Argentina_silus-27_602700,2006,235.1482146
6,Clupea_harengus-27_600024,2007,301524.8086
6,Molva_molva-27_600033,2007,5185.372
6,Brosme_brosme-27_600051,2007,11646.34064
6,Gadus_morhua-27_600069,2007,288054.1774
6,Lamna_nasus-27_600088,2007,7.76143387
6,Squalus_acanthias-27_600139,2007,695.9898186
6,Mallotus_villosus-27_600252,2007,285496.8136
6,Sebastes_norvegicus-27_600501,2007,8809.618268
6,Reinhardtius_hippoglossoides-27_600516,2007,8258.636709
6,Pollachius_virens-27_601343,2007,97751.00217
6,Melanogrammus_aeglefinus-27_601381,2007,76264.59051
6,Molva_dypterygia-27_601383,2007,23.28743772
6,Argentina_silus-27_602700,2007,235.1482146
6,Clupea_harengus-27_600024,2008,301524.8086
6,Molva_molva-27_600033,2008,5185.372
6,Brosme_brosme-27_600051,2008,11646.34064
6,Gadus_morhua-27_600069,2008,288054.1774
6,Lamna_nasus-27_600088,2008,7.76143387
6,Squalus_acanthias-27_600139,2008,695.9898186
6,Mallotus_villosus-27_600252,2008,285496.8136
6,Sebastes_norvegicus-27_600501,2008,8809.618268
6,Reinhardtius_hippoglossoides-27_600516,2008,8258.636709
6,Pollachius_virens-27_601343,2008,97751.00217
6,Melanogrammus_aeglefinus-27_601381,2008,76264.59051
6,Molva_dypterygia-27_601383,2008,23.28743772
6,Argentina_silus-27_602700,2008,235.1482146
6,Clupea_harengus-27_600024,2009,301524.8086
6,Molva_molva-27_600033,2009,5185.372
6,Brosme_brosme-27_600051,2009,11646.34064
6,Gadus_morhua-27_600069,2009,288054.1774
6,Lamna_nasus-27_600088,2009,7.76143387
6,Squalus_acanthias-27_600139,2009,695.9898186
6,Mallotus_villosus-27_600252,2009,285496.8136
6,Sebastes_norvegicus-27_600501,2009,8809.618268
6,Reinhardtius_hippoglossoides-27_600516,2009,8258.636709
6,Pollachius_virens-27_601343,2009,97751.00217
6,Melanogrammus_aeglefinus-27_601381,2009,76264.59051
6,Molva_dypterygia-27_601383,2009,23.28743772
6,Argentina_silus-27_602700,2009,235.1482146
6,Clupea_harengus-27_600024,2010,301524.8086
6,Molva_molva-27_600033,2010,5185.372
6,Brosme_brosme-27_600051,2010,11646.34064
6,Gadus_morhua-27_600069,2010,288054.1774
6,Lamna_nasus-27_600088,2010,7.76143387
6,Squalus_acanthias-27_600139,2010,695.9898186
6,Mallotus_villosus-27_600252,2010,285496.8136
6,Sebastes_norvegicus-27_600501,2010,8809.618268
6,Reinhardtius_hippoglossoides-27_600516,2010,8258.636709
6,Pollachius_virens-27_601343,2010,97751.00217
6,Melanogrammus_aeglefinus-27_601381,2010,76264.59051
6,Molva_dypterygia-27_601383,2010,23.28743772
6,Argentina_silus-27_602700,2010,235.1482146
7,NA,NA,NA
8,Marine_fishes_not_identified-18_100039,2001,3.488151792
8,Anarhichadidae-18_400396,2001,6.832041321
8,Anarhichas-18_505897,2001,8.901799674
8,Somniosus_microcephalus-18_600138,2001,0.005013089
8,Salvelinus_alpinus_alpinus-18_600247,2001,0.095189692
8,Gadus_ogac-18_600309,2001,1.194434571
8,Boreogadus_saida-18_600319,2001,0.045799805
8,Macrourus_berglax-18_600331,2001,1.876592162
8,Anarhichas_denticulatus-18_603810,2001,0.004738876
8,Marine_fishes_not_identified-21_100039,2001,4312.412102
8,Anarhichadidae-21_400396,2001,1032.375001
8,Anarhichas-21_505897,2001,765.5281362
8,Clupea_harengus-21_600024,2001,1268.237601
8,Brosme_brosme-21_600051,2001,13.78921665
8,Cyclopterus_lumpus-21_600062,2001,3907.369303
8,Gadus_morhua-21_600069,2001,29578.45281
8,Somniosus_microcephalus-21_600138,2001,0.862802585
8,Salmo_salar-21_600236,2001,360.9627939
8,Salvelinus_alpinus_alpinus-21_600247,2001,76.04340718
8,Mallotus_villosus-21_600252,2001,644.2172513
8,Gadus_ogac-21_600309,2001,2119.403266
8,Boreogadus_saida-21_600319,2001,10.83804953
8,Macrourus_berglax-21_600331,2001,505.2646968
8,Coryphaenoides_rupestris-21_600332,2001,37.77729616
8,Sebastes_norvegicus-21_600501,2001,13.24294759
8,Sebastes_mentella-21_600505,2001,402.1831219
8,Reinhardtius_hippoglossoides-21_600516,2001,19871.0894
8,Hippoglossus_hippoglossus-21_601371,2001,134.0746491
8,Melanogrammus_aeglefinus-21_601381,2001,518.1948119
8,Molva_dypterygia-21_601383,2001,0.000475469
8,Anarhichas_lupus-21_602501,2001,14.86468689
8,Pandalus_borealis-21_690269,2001,105785.1459
8,Chionoecetes_opilio-21_690313,2001,2797.775901
8,Marine_fishes_not_identified-18_100039,2002,3.488151792
8,Anarhichadidae-18_400396,2002,6.832041321
8,Anarhichas-18_505897,2002,8.901799674
8,Somniosus_microcephalus-18_600138,2002,0.005013089
8,Salvelinus_alpinus_alpinus-18_600247,2002,0.095189692
8,Gadus_ogac-18_600309,2002,1.194434571
8,Boreogadus_saida-18_600319,2002,0.045799805
8,Macrourus_berglax-18_600331,2002,1.876592162
8,Anarhichas_denticulatus-18_603810,2002,0.004738876
8,Marine_fishes_not_identified-21_100039,2002,4312.412102
8,Anarhichadidae-21_400396,2002,1032.375001
8,Anarhichas-21_505897,2002,765.5281362
8,Clupea_harengus-21_600024,2002,1268.237601
8,Brosme_brosme-21_600051,2002,13.78921665
8,Cyclopterus_lumpus-21_600062,2002,3907.369303
8,Gadus_morhua-21_600069,2002,29578.45281
8,Somniosus_microcephalus-21_600138,2002,0.862802585
8,Salmo_salar-21_600236,2002,360.9627939
8,Salvelinus_alpinus_alpinus-21_600247,2002,76.04340718
8,Mallotus_villosus-21_600252,2002,644.2172513
8,Gadus_ogac-21_600309,2002,2119.403266
8,Boreogadus_saida-21_600319,2002,10.83804953
8,Macrourus_berglax-21_600331,2002,505.2646968
8,Coryphaenoides_rupestris-21_600332,2002,37.77729616
8,Sebastes_norvegicus-21_600501,2002,13.24294759
8,Sebastes_mentella-21_600505,2002,402.1831219
8,Reinhardtius_hippoglossoides-21_600516,2002,19871.0894
8,Hippoglossus_hippoglossus-21_601371,2002,134.0746491
8,Melanogrammus_aeglefinus-21_601381,2002,518.1948119
8,Molva_dypterygia-21_601383,2002,0.000475469
8,Anarhichas_lupus-21_602501,2002,14.86468689
8,Pandalus_borealis-21_690269,2002,105785.1459
8,Chionoecetes_opilio-21_690313,2002,2797.775901
8,Marine_fishes_not_identified-18_100039,2003,3.488151792
8,Anarhichadidae-18_400396,2003,6.832041321
8,Anarhichas-18_505897,2003,8.901799674
8,Somniosus_microcephalus-18_600138,2003,0.005013089
8,Salvelinus_alpinus_alpinus-18_600247,2003,0.095189692
8,Gadus_ogac-18_600309,2003,1.194434571
8,Boreogadus_saida-18_600319,2003,0.045799805
8,Macrourus_berglax-18_600331,2003,1.876592162
8,Anarhichas_denticulatus-18_603810,2003,0.004738876
8,Marine_fishes_not_identified-21_100039,2003,4312.412102
8,Anarhichadidae-21_400396,2003,1032.375001
8,Anarhichas-21_505897,2003,765.5281362
8,Clupea_harengus-21_600024,2003,1268.237601
8,Brosme_brosme-21_600051,2003,13.78921665
8,Cyclopterus_lumpus-21_600062,2003,3907.369303
8,Gadus_morhua-21_600069,2003,29578.45281
8,Somniosus_microcephalus-21_600138,2003,0.862802585
8,Salmo_salar-21_600236,2003,360.9627939
8,Salvelinus_alpinus_alpinus-21_600247,2003,76.04340718
8,Mallotus_villosus-21_600252,2003,644.2172513
8,Gadus_ogac-21_600309,2003,2119.403266
8,Boreogadus_saida-21_600319,2003,10.83804953
8,Macrourus_berglax-21_600331,2003,505.2646968
8,Coryphaenoides_rupestris-21_600332,2003,37.77729616
8,Sebastes_norvegicus-21_600501,2003,13.24294759
8,Sebastes_mentella-21_600505,2003,402.1831219
8,Reinhardtius_hippoglossoides-21_600516,2003,19871.0894
8,Hippoglossus_hippoglossus-21_601371,2003,134.0746491
8,Melanogrammus_aeglefinus-21_601381,2003,518.1948119
8,Molva_dypterygia-21_601383,2003,0.000475469
8,Anarhichas_lupus-21_602501,2003,14.86468689
8,Pandalus_borealis-21_690269,2003,105785.1459
8,Chionoecetes_opilio-21_690313,2003,2797.775901
8,Marine_fishes_not_identified-18_100039,2004,3.488151792
8,Anarhichadidae-18_400396,2004,6.832041321
8,Anarhichas-18_505897,2004,8.901799674
8,Somniosus_microcephalus-18_600138,2004,0.005013089
8,Salvelinus_alpinus_alpinus-18_600247,2004,0.095189692
8,Gadus_ogac-18_600309,2004,1.194434571
8,Boreogadus_saida-18_600319,2004,0.045799805
8,Macrourus_berglax-18_600331,2004,1.876592162
8,Anarhichas_denticulatus-18_603810,2004,0.004738876
8,Marine_fishes_not_identified-21_100039,2004,4312.412102
8,Anarhichadidae-21_400396,2004,1032.375001
8,Anarhichas-21_505897,2004,765.5281362
8,Clupea_harengus-21_600024,2004,1268.237601
8,Brosme_brosme-21_600051,2004,13.78921665
8,Cyclopterus_lumpus-21_600062,2004,3907.369303
8,Gadus_morhua-21_600069,2004,29578.45281
8,Somniosus_microcephalus-21_600138,2004,0.862802585
8,Salmo_salar-21_600236,2004,360.9627939
8,Salvelinus_alpinus_alpinus-21_600247,2004,76.04340718
8,Mallotus_villosus-21_600252,2004,644.2172513
8,Gadus_ogac-21_600309,2004,2119.403266
8,Boreogadus_saida-21_600319,2004,10.83804953
8,Macrourus_berglax-21_600331,2004,505.2646968
8,Coryphaenoides_rupestris-21_600332,2004,37.77729616
8,Sebastes_norvegicus-21_600501,2004,13.24294759
8,Sebastes_mentella-21_600505,2004,402.1831219
8,Reinhardtius_hippoglossoides-21_600516,2004,19871.0894
8,Hippoglossus_hippoglossus-21_601371,2004,134.0746491
8,Melanogrammus_aeglefinus-21_601381,2004,518.1948119
8,Molva_dypterygia-21_601383,2004,0.000475469
8,Anarhichas_lupus-21_602501,2004,14.86468689
8,Anarhichas_minor-21_603811,2004,2.917333383
8,Pandalus_borealis-21_690269,2004,105785.1459
8,Chionoecetes_opilio-21_690313,2004,2797.775901
8,Marine_fishes_not_identified-18_100039,2005,3.488151792
8,Anarhichadidae-18_400396,2005,6.832041321
8,Anarhichas-18_505897,2005,8.901799674
8,Somniosus_microcephalus-18_600138,2005,0.005013089
8,Salvelinus_alpinus_alpinus-18_600247,2005,0.095189692
8,Gadus_ogac-18_600309,2005,1.194434571
8,Boreogadus_saida-18_600319,2005,0.045799805
8,Macrourus_berglax-18_600331,2005,1.876592162
8,Anarhichas_denticulatus-18_603810,2005,0.004738876
8,Marine_fishes_not_identified-21_100039,2005,4312.412102
8,Anarhichadidae-21_400396,2005,1032.375001
8,Anarhichas-21_505897,2005,765.5281362
8,Clupea_harengus-21_600024,2005,1268.237601
8,Brosme_brosme-21_600051,2005,13.78921665
8,Cyclopterus_lumpus-21_600062,2005,3907.369303
8,Gadus_morhua-21_600069,2005,29578.45281
8,Somniosus_microcephalus-21_600138,2005,0.862802585
8,Salmo_salar-21_600236,2005,360.9627939
8,Salvelinus_alpinus_alpinus-21_600247,2005,76.04340718
8,Mallotus_villosus-21_600252,2005,644.2172513
8,Gadus_ogac-21_600309,2005,2119.403266
8,Boreogadus_saida-21_600319,2005,10.83804953
8,Macrourus_berglax-21_600331,2005,505.2646968
8,Coryphaenoides_rupestris-21_600332,2005,37.77729616
8,Sebastes_norvegicus-21_600501,2005,13.24294759
8,Sebastes_mentella-21_600505,2005,402.1831219
8,Reinhardtius_hippoglossoides-21_600516,2005,19871.0894
8,Hippoglossus_hippoglossus-21_601371,2005,134.0746491
8,Melanogrammus_aeglefinus-21_601381,2005,518.1948119
8,Molva_dypterygia-21_601383,2005,0.000475469
8,Anarhichas_lupus-21_602501,2005,14.86468689
8,Anarhichas_minor-21_603811,2005,2.917333383
8,Pandalus_borealis-21_690269,2005,105785.1459
8,Chionoecetes_opilio-21_690313,2005,2797.775901
8,Marine_fishes_not_identified-18_100039,2006,3.488151792
8,Anarhichadidae-18_400396,2006,6.832041321
8,Anarhichas-18_505897,2006,8.901799674
8,Somniosus_microcephalus-18_600138,2006,0.005013089
8,Salvelinus_alpinus_alpinus-18_600247,2006,0.095189692
8,Gadus_ogac-18_600309,2006,1.194434571
8,Boreogadus_saida-18_600319,2006,0.045799805
8,Macrourus_berglax-18_600331,2006,1.876592162
8,Anarhichas_denticulatus-18_603810,2006,0.004738876
8,Marine_fishes_not_identified-21_100039,2006,4312.412102
8,Anarhichadidae-21_400396,2006,1032.375001
8,Anarhichas-21_505897,2006,765.5281362
8,Clupea_harengus-21_600024,2006,1268.237601
8,Brosme_brosme-21_600051,2006,13.78921665
8,Cyclopterus_lumpus-21_600062,2006,3907.369303
8,Gadus_morhua-21_600069,2006,29578.45281
8,Somniosus_microcephalus-21_600138,2006,0.862802585
8,Salmo_salar-21_600236,2006,360.9627939
8,Salvelinus_alpinus_alpinus-21_600247,2006,76.04340718
8,Mallotus_villosus-21_600252,2006,644.2172513
8,Gadus_ogac-21_600309,2006,2119.403266
8,Boreogadus_saida-21_600319,2006,10.83804953
8,Macrourus_berglax-21_600331,2006,505.2646968
8,Coryphaenoides_rupestris-21_600332,2006,37.77729616
8,Sebastes_norvegicus-21_600501,2006,13.24294759
8,Sebastes_mentella-21_600505,2006,402.1831219
8,Reinhardtius_hippoglossoides-21_600516,2006,19871.0894
8,Hippoglossus_hippoglossus-21_601371,2006,134.0746491
8,Melanogrammus_aeglefinus-21_601381,2006,518.1948119
8,Molva_dypterygia-21_601383,2006,0.000475469
8,Anarhichas_lupus-21_602501,2006,14.86468689
8,Anarhichas_minor-21_603811,2006,2.917333383
8,Pandalus_borealis-21_690269,2006,105785.1459
8,Chionoecetes_opilio-21_690313,2006,2797.775901
8,Marine_fishes_not_identified-18_100039,2007,3.488151792
8,Anarhichadidae-18_400396,2007,6.832041321
8,Anarhichas-18_505897,2007,8.901799674
8,Somniosus_microcephalus-18_600138,2007,0.005013089
8,Salvelinus_alpinus_alpinus-18_600247,2007,0.095189692
8,Gadus_ogac-18_600309,2007,1.194434571
8,Boreogadus_saida-18_600319,2007,0.045799805
8,Macrourus_berglax-18_600331,2007,1.876592162
8,Anarhichas_denticulatus-18_603810,2007,0.004738876
8,Marine_fishes_not_identified-21_100039,2007,4312.412102
8,Anarhichadidae-21_400396,2007,1032.375001
8,Anarhichas-21_505897,2007,765.5281362
8,Clupea_harengus-21_600024,2007,1268.237601
8,Brosme_brosme-21_600051,2007,13.78921665
8,Cyclopterus_lumpus-21_600062,2007,3907.369303
8,Gadus_morhua-21_600069,2007,29578.45281
8,Somniosus_microcephalus-21_600138,2007,0.862802585
8,Salmo_salar-21_600236,2007,360.9627939
8,Salvelinus_alpinus_alpinus-21_600247,2007,76.04340718
8,Mallotus_villosus-21_600252,2007,644.2172513
8,Gadus_ogac-21_600309,2007,2119.403266
8,Boreogadus_saida-21_600319,2007,10.83804953
8,Macrourus_berglax-21_600331,2007,505.2646968
8,Coryphaenoides_rupestris-21_600332,2007,37.77729616
8,Sebastes_norvegicus-21_600501,2007,13.24294759
8,Sebastes_mentella-21_600505,2007,402.1831219
8,Reinhardtius_hippoglossoides-21_600516,2007,19871.0894
8,Hippoglossus_hippoglossus-21_601371,2007,134.0746491
8,Melanogrammus_aeglefinus-21_601381,2007,518.1948119
8,Molva_dypterygia-21_601383,2007,0.000475469
8,Anarhichas_lupus-21_602501,2007,14.86468689
8,Anarhichas_minor-21_603811,2007,2.917333383
8,Pandalus_borealis-21_690269,2007,105785.1459
8,Chionoecetes_opilio-21_690313,2007,2797.775901
8,Marine_fishes_not_identified-18_100039,2008,3.488151792
8,Anarhichadidae-18_400396,2008,6.832041321
8,Anarhichas-18_505897,2008,8.901799674
8,Somniosus_microcephalus-18_600138,2008,0.005013089
8,Salvelinus_alpinus_alpinus-18_600247,2008,0.095189692
8,Gadus_ogac-18_600309,2008,1.194434571
8,Boreogadus_saida-18_600319,2008,0.045799805
8,Macrourus_berglax-18_600331,2008,1.876592162
8,Anarhichas_denticulatus-18_603810,2008,0.004738876
8,Marine_fishes_not_identified-21_100039,2008,4312.412102
8,Anarhichadidae-21_400396,2008,1032.375001
8,Anarhichas-21_505897,2008,765.5281362
8,Clupea_harengus-21_600024,2008,1268.237601
8,Brosme_brosme-21_600051,2008,13.78921665
8,Cyclopterus_lumpus-21_600062,2008,3907.369303
8,Gadus_morhua-21_600069,2008,29578.45281
8,Somniosus_microcephalus-21_600138,2008,0.862802585
8,Salmo_salar-21_600236,2008,360.9627939
8,Salvelinus_alpinus_alpinus-21_600247,2008,76.04340718
8,Mallotus_villosus-21_600252,2008,644.2172513
8,Gadus_ogac-21_600309,2008,2119.403266
8,Boreogadus_saida-21_600319,2008,10.83804953
8,Macrourus_berglax-21_600331,2008,505.2646968
8,Coryphaenoides_rupestris-21_600332,2008,37.77729616
8,Sebastes_norvegicus-21_600501,2008,13.24294759
8,Sebastes_mentella-21_600505,2008,402.1831219
8,Reinhardtius_hippoglossoides-21_600516,2008,19871.0894
8,Hippoglossus_hippoglossus-21_601371,2008,134.0746491
8,Melanogrammus_aeglefinus-21_601381,2008,518.1948119
8,Molva_dypterygia-21_601383,2008,0.000475469
8,Anarhichas_lupus-21_602501,2008,14.86468689
8,Anarhichas_minor-21_603811,2008,2.917333383
8,Pandalus_borealis-21_690269,2008,105785.1459
8,Chionoecetes_opilio-21_690313,2008,2797.775901
8,Marine_fishes_not_identified-18_100039,2009,3.488151792
8,Anarhichadidae-18_400396,2009,6.832041321
8,Anarhichas-18_505897,2009,8.901799674
8,Somniosus_microcephalus-18_600138,2009,0.005013089
8,Salvelinus_alpinus_alpinus-18_600247,2009,0.095189692
8,Gadus_ogac-18_600309,2009,1.194434571
8,Boreogadus_saida-18_600319,2009,0.045799805
8,Macrourus_berglax-18_600331,2009,1.876592162
8,Anarhichas_denticulatus-18_603810,2009,0.004738876
8,Marine_fishes_not_identified-21_100039,2009,4312.412102
8,Anarhichadidae-21_400396,2009,1032.375001
8,Anarhichas-21_505897,2009,765.5281362
8,Clupea_harengus-21_600024,2009,1268.237601
8,Brosme_brosme-21_600051,2009,13.78921665
8,Cyclopterus_lumpus-21_600062,2009,3907.369303
8,Gadus_morhua-21_600069,2009,29578.45281
8,Somniosus_microcephalus-21_600138,2009,0.862802585
8,Salmo_salar-21_600236,2009,360.9627939
8,Salvelinus_alpinus_alpinus-21_600247,2009,76.04340718
8,Mallotus_villosus-21_600252,2009,644.2172513
8,Gadus_ogac-21_600309,2009,2119.403266
8,Boreogadus_saida-21_600319,2009,10.83804953
8,Macrourus_berglax-21_600331,2009,505.2646968
8,Coryphaenoides_rupestris-21_600332,2009,37.77729616
8,Sebastes_norvegicus-21_600501,2009,13.24294759
8,Sebastes_mentella-21_600505,2009,402.1831219
8,Reinhardtius_hippoglossoides-21_600516,2009,19871.0894
8,Hippoglossus_hippoglossus-21_601371,2009,134.0746491
8,Melanogrammus_aeglefinus-21_601381,2009,518.1948119
8,Molva_dypterygia-21_601383,2009,0.000475469
8,Anarhichas_lupus-21_602501,2009,14.86468689
8,Anarhichas_minor-21_603811,2009,2.917333383
8,Pandalus_borealis-21_690269,2009,105785.1459
8,Chionoecetes_opilio-21_690313,2009,2797.775901
8,Marine_fishes_not_identified-18_100039,2010,3.488151792
8,Anarhichadidae-18_400396,2010,6.832041321
8,Anarhichas-18_505897,2010,8.901799674
8,Somniosus_microcephalus-18_600138,2010,0.005013089
8,Salvelinus_alpinus_alpinus-18_600247,2010,0.095189692
8,Gadus_ogac-18_600309,2010,1.194434571
8,Boreogadus_saida-18_600319,2010,0.045799805
8,Macrourus_berglax-18_600331,2010,1.876592162
8,Anarhichas_denticulatus-18_603810,2010,0.004738876
8,Marine_fishes_not_identified-21_100039,2010,4312.412102
8,Anarhichadidae-21_400396,2010,1032.375001
8,Anarhichas-21_505897,2010,765.5281362
8,Clupea_harengus-21_600024,2010,1268.237601
8,Brosme_brosme-21_600051,2010,13.78921665
8,Cyclopterus_lumpus-21_600062,2010,3907.369303
8,Gadus_morhua-21_600069,2010,29578.45281
8,Somniosus_microcephalus-21_600138,2010,0.862802585
8,Salmo_salar-21_600236,2010,360.9627939
8,Salvelinus_alpinus_alpinus-21_600247,2010,76.04340718
8,Mallotus_villosus-21_600252,2010,644.2172513
8,Gadus_ogac-21_600309,2010,2119.403266
8,Boreogadus_saida-21_600319,2010,10.83804953
8,Macrourus_berglax-21_600331,2010,505.2646968
8,Coryphaenoides_rupestris-21_600332,2010,37.77729616
8,Sebastes_norvegicus-21_600501,2010,13.24294759
8,Sebastes_mentella-21_600505,2010,402.1831219
8,Reinhardtius_hippoglossoides-21_600516,2010,19871.0894
8,Hippoglossus_hippoglossus-21_601371,2010,134.0746491
8,Melanogrammus_aeglefinus-21_601381,2010,518.1948119
8,Molva_dypterygia-21_601383,2010,0.000475469
8,Anarhichas_lupus-21_602501,2010,14.86468689
8,Anarhichas_minor-21_603811,2010,2.917333383
8,Pandalus_borealis-21_690269,2010,105785.1459
8,Chionoecetes_opilio-21_690313,2010,2797.775901
9,Marine_fishes_not_identified-27_100039,2001,132749.1066
9,Anarhichadidae-27_400396,2001,13.27648851
9,Clupea_harengus-27_600024,2001,2622.268711
9,Brosme_brosme-27_600051,2001,26.29017266
9,Cyclopterus_lumpus-27_600062,2001,18.32614593
9,Gadus_morhua-27_600069,2001,11423.30456
9,Somniosus_microcephalus-27_600138,2001,1.807711589
9,Salmo_salar-27_600236,2001,5.273648929
9,Salvelinus_alpinus_alpinus-27_600247,2001,0.213982544
9,Mallotus_villosus-27_600252,2001,42558.7839
9,Boreogadus_saida-27_600319,2001,8.817174836
9,Macrourus_berglax-27_600331,2001,31.92940782
9,Coryphaenoides_rupestris-27_600332,2001,420.9691424
9,Sebastes_norvegicus-27_600501,2001,281.8946621
9,Sebastes_mentella-27_600505,2001,19353.03596
9,Reinhardtius_hippoglossoides-27_600516,2001,4409.992624
9,Hippoglossus_hippoglossus-27_601371,2001,187.737478
9,Melanogrammus_aeglefinus-27_601381,2001,714.178961
9,Molva_dypterygia-27_601383,2001,332.5390871
9,Anarhichas_lupus-27_602501,2001,166.7571568
9,Anarhichas_minor-27_603811,2001,0.60483871
9,Pandalus_borealis-27_690269,2001,8259.396712
9,Chionoecetes_opilio-27_690313,2001,6.92E-07
9,Marine_fishes_not_identified-27_100039,2002,132749.1066
9,Anarhichadidae-27_400396,2002,13.27648851
9,Clupea_harengus-27_600024,2002,2622.268711
9,Brosme_brosme-27_600051,2002,26.29017266
9,Cyclopterus_lumpus-27_600062,2002,18.32614593
9,Gadus_morhua-27_600069,2002,11423.30456
9,Somniosus_microcephalus-27_600138,2002,1.807711589
9,Salmo_salar-27_600236,2002,5.273648929
9,Salvelinus_alpinus_alpinus-27_600247,2002,0.213982544
9,Mallotus_villosus-27_600252,2002,42558.7839
9,Boreogadus_saida-27_600319,2002,8.817174836
9,Macrourus_berglax-27_600331,2002,31.92940782
9,Coryphaenoides_rupestris-27_600332,2002,420.9691424
9,Sebastes_norvegicus-27_600501,2002,281.8946621
9,Sebastes_mentella-27_600505,2002,19353.03596
9,Reinhardtius_hippoglossoides-27_600516,2002,4409.992624
9,Hippoglossus_hippoglossus-27_601371,2002,187.737478
9,Melanogrammus_aeglefinus-27_601381,2002,714.178961
9,Molva_dypterygia-27_601383,2002,332.5390871
9,Anarhichas_lupus-27_602501,2002,166.7571568
9,Anarhichas_minor-27_603811,2002,0.60483871
9,Pandalus_borealis-27_690269,2002,8259.396712
9,Chionoecetes_opilio-27_690313,2002,6.92E-07
9,Marine_fishes_not_identified-27_100039,2003,132749.1066
9,Anarhichadidae-27_400396,2003,13.27648851
9,Clupea_harengus-27_600024,2003,2622.268711
9,Brosme_brosme-27_600051,2003,26.29017266
9,Cyclopterus_lumpus-27_600062,2003,18.32614593
9,Gadus_morhua-27_600069,2003,11423.30456
9,Somniosus_microcephalus-27_600138,2003,1.807711589
9,Salmo_salar-27_600236,2003,5.273648929
9,Salvelinus_alpinus_alpinus-27_600247,2003,0.213982544
9,Mallotus_villosus-27_600252,2003,42558.7839
9,Boreogadus_saida-27_600319,2003,8.817174836
9,Macrourus_berglax-27_600331,2003,31.92940782
9,Coryphaenoides_rupestris-27_600332,2003,420.9691424
9,Sebastes_norvegicus-27_600501,2003,281.8946621
9,Sebastes_mentella-27_600505,2003,19353.03596
9,Reinhardtius_hippoglossoides-27_600516,2003,4409.992624
9,Hippoglossus_hippoglossus-27_601371,2003,187.737478
9,Melanogrammus_aeglefinus-27_601381,2003,714.178961
9,Molva_dypterygia-27_601383,2003,332.5390871
9,Anarhichas_lupus-27_602501,2003,166.7571568
9,Anarhichas_minor-27_603811,2003,0.60483871
9,Pandalus_borealis-27_690269,2003,8259.396712
9,Chionoecetes_opilio-27_690313,2003,6.92E-07
9,Marine_fishes_not_identified-27_100039,2004,132749.1066
9,Anarhichadidae-27_400396,2004,13.27648851
9,Clupea_harengus-27_600024,2004,2622.268711
9,Brosme_brosme-27_600051,2004,26.29017266
9,Cyclopterus_lumpus-27_600062,2004,18.32614593
9,Gadus_morhua-27_600069,2004,11423.30456
9,Somniosus_microcephalus-27_600138,2004,1.807711589
9,Salmo_salar-27_600236,2004,5.273648929
9,Salvelinus_alpinus_alpinus-27_600247,2004,0.213982544
9,Mallotus_villosus-27_600252,2004,42558.7839
9,Boreogadus_saida-27_600319,2004,8.817174836
9,Macrourus_berglax-27_600331,2004,31.92940782
9,Coryphaenoides_rupestris-27_600332,2004,420.9691424
9,Sebastes_norvegicus-27_600501,2004,281.8946621
9,Sebastes_mentella-27_600505,2004,19353.03596
9,Reinhardtius_hippoglossoides-27_600516,2004,4409.992624
9,Hippoglossus_hippoglossus-27_601371,2004,187.737478
9,Melanogrammus_aeglefinus-27_601381,2004,714.178961
9,Molva_dypterygia-27_601383,2004,332.5390871
9,Anarhichas_lupus-27_602501,2004,166.7571568
9,Anarhichas_minor-27_603811,2004,0.60483871
9,Pandalus_borealis-27_690269,2004,8259.396712
9,Chionoecetes_opilio-27_690313,2004,6.92E-07
9,Marine_fishes_not_identified-27_100039,2005,132749.1066
9,Anarhichadidae-27_400396,2005,13.27648851
9,Clupea_harengus-27_600024,2005,2622.268711
9,Brosme_brosme-27_600051,2005,26.29017266
9,Cyclopterus_lumpus-27_600062,2005,18.32614593
9,Gadus_morhua-27_600069,2005,11423.30456
9,Somniosus_microcephalus-27_600138,2005,1.807711589
9,Salmo_salar-27_600236,2005,5.273648929
9,Salvelinus_alpinus_alpinus-27_600247,2005,0.213982544
9,Mallotus_villosus-27_600252,2005,42558.7839
9,Boreogadus_saida-27_600319,2005,8.817174836
9,Macrourus_berglax-27_600331,2005,31.92940782
9,Coryphaenoides_rupestris-27_600332,2005,420.9691424
9,Sebastes_norvegicus-27_600501,2005,281.8946621
9,Sebastes_mentella-27_600505,2005,19353.03596
9,Reinhardtius_hippoglossoides-27_600516,2005,4409.992624
9,Hippoglossus_hippoglossus-27_601371,2005,187.737478
9,Melanogrammus_aeglefinus-27_601381,2005,714.178961
9,Molva_dypterygia-27_601383,2005,332.5390871
9,Anarhichas_lupus-27_602501,2005,166.7571568
9,Anarhichas_minor-27_603811,2005,0.60483871
9,Pandalus_borealis-27_690269,2005,8259.396712
9,Chionoecetes_opilio-27_690313,2005,6.92E-07
9,Marine_fishes_not_identified-27_100039,2006,132749.1066
9,Anarhichadidae-27_400396,2006,13.27648851
9,Clupea_harengus-27_600024,2006,2622.268711
9,Brosme_brosme-27_600051,2006,26.29017266
9,Cyclopterus_lumpus-27_600062,2006,18.32614593
9,Gadus_morhua-27_600069,2006,11423.30456
9,Somniosus_microcephalus-27_600138,2006,1.807711589
9,Salmo_salar-27_600236,2006,5.273648929
9,Salvelinus_alpinus_alpinus-27_600247,2006,0.213982544
9,Mallotus_villosus-27_600252,2006,42558.7839
9,Boreogadus_saida-27_600319,2006,8.817174836
9,Macrourus_berglax-27_600331,2006,31.92940782
9,Coryphaenoides_rupestris-27_600332,2006,420.9691424
9,Sebastes_norvegicus-27_600501,2006,281.8946621
9,Sebastes_mentella-27_600505,2006,19353.03596
9,Reinhardtius_hippoglossoides-27_600516,2006,4409.992624
9,Hippoglossus_hippoglossus-27_601371,2006,187.737478
9,Melanogrammus_aeglefinus-27_601381,2006,714.178961
9,Molva_dypterygia-27_601383,2006,332.5390871
9,Anarhichas_lupus-27_602501,2006,166.7571568
9,Anarhichas_minor-27_603811,2006,0.60483871
9,Pandalus_borealis-27_690269,2006,8259.396712
9,Chionoecetes_opilio-27_690313,2006,6.92E-07
9,Marine_fishes_not_identified-27_100039,2007,132749.1066
9,Anarhichadidae-27_400396,2007,13.27648851
9,Clupea_harengus-27_600024,2007,2622.268711
9,Brosme_brosme-27_600051,2007,26.29017266
9,Cyclopterus_lumpus-27_600062,2007,18.32614593
9,Gadus_morhua-27_600069,2007,11423.30456
9,Somniosus_microcephalus-27_600138,2007,1.807711589
9,Salmo_salar-27_600236,2007,5.273648929
9,Salvelinus_alpinus_alpinus-27_600247,2007,0.213982544
9,Mallotus_villosus-27_600252,2007,42558.7839
9,Boreogadus_saida-27_600319,2007,8.817174836
9,Macrourus_berglax-27_600331,2007,31.92940782
9,Coryphaenoides_rupestris-27_600332,2007,420.9691424
9,Sebastes_norvegicus-27_600501,2007,281.8946621
9,Sebastes_mentella-27_600505,2007,19353.03596
9,Reinhardtius_hippoglossoides-27_600516,2007,4409.992624
9,Hippoglossus_hippoglossus-27_601371,2007,187.737478
9,Melanogrammus_aeglefinus-27_601381,2007,714.178961
9,Molva_dypterygia-27_601383,2007,332.5390871
9,Anarhichas_lupus-27_602501,2007,166.7571568
9,Anarhichas_minor-27_603811,2007,0.60483871
9,Pandalus_borealis-27_690269,2007,8259.396712
9,Chionoecetes_opilio-27_690313,2007,6.92E-07
9,Marine_fishes_not_identified-27_100039,2008,132749.1066
9,Anarhichadidae-27_400396,2008,13.27648851
9,Clupea_harengus-27_600024,2008,2622.268711
9,Brosme_brosme-27_600051,2008,26.29017266
9,Cyclopterus_lumpus-27_600062,2008,18.32614593
9,Gadus_morhua-27_600069,2008,11423.30456
9,Somniosus_microcephalus-27_600138,2008,1.807711589
9,Salmo_salar-27_600236,2008,5.273648929
9,Salvelinus_alpinus_alpinus-27_600247,2008,0.213982544
9,Mallotus_villosus-27_600252,2008,42558.7839
9,Boreogadus_saida-27_600319,2008,8.817174836
9,Macrourus_berglax-27_600331,2008,31.92940782
9,Coryphaenoides_rupestris-27_600332,2008,420.9691424
9,Sebastes_norvegicus-27_600501,2008,281.8946621
9,Sebastes_mentella-27_600505,2008,19353.03596
9,Reinhardtius_hippoglossoides-27_600516,2008,4409.992624
9,Hippoglossus_hippoglossus-27_601371,2008,187.737478
9,Melanogrammus_aeglefinus-27_601381,2008,714.178961
9,Molva_dypterygia-27_601383,2008,332.5390871
9,Anarhichas_lupus-27_602501,2008,166.7571568
9,Anarhichas_minor-27_603811,2008,0.60483871
9,Pandalus_borealis-27_690269,2008,8259.396712
9,Chionoecetes_opilio-27_690313,2008,6.92E-07
9,Marine_fishes_not_identified-27_100039,2009,132749.1066
9,Anarhichadidae-27_400396,2009,13.27648851
9,Clupea_harengus-27_600024,2009,2622.268711
9,Brosme_brosme-27_600051,2009,26.29017266
9,Cyclopterus_lumpus-27_600062,2009,18.32614593
9,Gadus_morhua-27_600069,2009,11423.30456
9,Somniosus_microcephalus-27_600138,2009,1.807711589
9,Salmo_salar-27_600236,2009,5.273648929
9,Salvelinus_alpinus_alpinus-27_600247,2009,0.213982544
9,Mallotus_villosus-27_600252,2009,42558.7839
9,Boreogadus_saida-27_600319,2009,8.817174836
9,Macrourus_berglax-27_600331,2009,31.92940782
9,Coryphaenoides_rupestris-27_600332,2009,420.9691424
9,Sebastes_norvegicus-27_600501,2009,281.8946621
9,Sebastes_mentella-27_600505,2009,19353.03596
9,Reinhardtius_hippoglossoides-27_600516,2009,4409.992624
9,Hippoglossus_hippoglossus-27_601371,2009,187.737478
9,Melanogrammus_aeglefinus-27_601381,2009,714.178961
9,Molva_dypterygia-27_601383,2009,332.5390871
9,Anarhichas_lupus-27_602501,2009,166.7571568
9,Anarhichas_minor-27_603811,2009,0.60483871
9,Pandalus_borealis-27_690269,2009,8259.396712
9,Chionoecetes_opilio-27_690313,2009,6.92E-07
9,Marine_fishes_not_identified-27_100039,2010,132749.1066
9,Anarhichadidae-27_400396,2010,13.27648851
9,Clupea_harengus-27_600024,2010,2622.268711
9,Brosme_brosme-27_600051,2010,26.29017266
9,Cyclopterus_lumpus-27_600062,2010,18.32614593
9,Gadus_morhua-27_600069,2010,11423.30456
9,Somniosus_microcephalus-27_600138,2010,1.807711589
9,Salmo_salar-27_600236,2010,5.273648929
9,Salvelinus_alpinus_alpinus-27_600247,2010,0.213982544
9,Mallotus_villosus-27_600252,2010,42558.7839
9,Boreogadus_saida-27_600319,2010,8.817174836
9,Macrourus_berglax-27_600331,2010,31.92940782
9,Coryphaenoides_rupestris-27_600332,2010,420.9691424
9,Sebastes_norvegicus-27_600501,2010,281.8946621
9,Sebastes_mentella-27_600505,2010,19353.03596
9,Reinhardtius_hippoglossoides-27_600516,2010,4409.992624
9,Hippoglossus_hippoglossus-27_601371,2010,187.737478
9,Melanogrammus_aeglefinus-27_601381,2010,714.178961
9,Molva_dypterygia-27_601383,2010,332.5390871
9,Anarhichas_lupus-27_602501,2010,166.7571568
9,Anarhichas_denticulatus-27_603810,2010,1225.560234
9,Anarhichas_minor-27_603811,2010,0.60483871
9,Pandalus_borealis-27_690269,2010,8259.396712
9,Chionoecetes_opilio-27_690313,2010,6.92E-07
